{
	"credit": "Made with Blockbench",
	"textures": {
		"bloodrink": "./bloodrink",
		"particle": "./bloodrink"
	},
	"elements": [
		{
			"from": [8, 0, 7],
			"to": [10, 0.2, 9],
			"faces": {
				"north": {"uv": [10, 6, 12, 7], "texture": "#bloodrink"},
				"east": {"uv": [10, 7, 12, 8], "texture": "#bloodrink"},
				"south": {"uv": [8, 10, 10, 11], "texture": "#bloodrink"},
				"west": {"uv": [10, 8, 12, 9], "texture": "#bloodrink"},
				"up": {"uv": [10, 2, 8, 0], "texture": "#bloodrink"},
				"down": {"uv": [10, 2, 8, 4], "texture": "#bloodrink"}
			}
		},
		{
			"from": [8.5, 0.2, 7.5],
			"to": [9.5, 2.2, 8.5],
			"faces": {
				"north": {"uv": [10, 9, 11, 11], "texture": "#bloodrink"},
				"east": {"uv": [0, 11, 1, 13], "texture": "#bloodrink"},
				"south": {"uv": [11, 0, 12, 2], "texture": "#bloodrink"},
				"west": {"uv": [1, 11, 2, 13], "texture": "#bloodrink"},
				"up": {"uv": [6, 13, 5, 12], "texture": "#bloodrink"},
				"down": {"uv": [7, 12, 6, 13], "texture": "#bloodrink"}
			}
		},
		{
			"from": [8, 2.2, 7],
			"to": [10, 2.3, 9],
			"faces": {
				"north": {"uv": [11, 2, 13, 3], "texture": "#bloodrink"},
				"east": {"uv": [11, 3, 13, 4], "texture": "#bloodrink"},
				"south": {"uv": [11, 4, 13, 5], "texture": "#bloodrink"},
				"west": {"uv": [11, 5, 13, 6], "texture": "#bloodrink"},
				"up": {"uv": [10, 6, 8, 4], "texture": "#bloodrink"},
				"down": {"uv": [10, 6, 8, 8], "texture": "#bloodrink"}
			}
		},
		{
			"from": [8, 2.3, 6.9],
			"to": [10, 5.3, 7],
			"faces": {
				"north": {"uv": [0, 0, 2, 3], "texture": "#bloodrink"},
				"east": {"uv": [2, 9, 3, 12], "texture": "#bloodrink"},
				"south": {"uv": [2, 0, 4, 3], "texture": "#bloodrink"},
				"west": {"uv": [3, 9, 4, 12], "texture": "#bloodrink"},
				"up": {"uv": [10, 12, 8, 11], "texture": "#bloodrink"},
				"down": {"uv": [13, 9, 11, 10], "texture": "#bloodrink"}
			}
		},
		{
			"from": [8, 2.3, 9],
			"to": [10, 5.3, 9.1],
			"faces": {
				"north": {"uv": [0, 3, 2, 6], "texture": "#bloodrink"},
				"east": {"uv": [4, 9, 5, 12], "texture": "#bloodrink"},
				"south": {"uv": [2, 3, 4, 6], "texture": "#bloodrink"},
				"west": {"uv": [5, 9, 6, 12], "texture": "#bloodrink"},
				"up": {"uv": [12, 12, 10, 11], "texture": "#bloodrink"},
				"down": {"uv": [13, 10, 11, 11], "texture": "#bloodrink"}
			}
		},
		{
			"from": [10, 2.3, 7],
			"to": [10.1, 5.3, 9],
			"faces": {
				"north": {"uv": [6, 9, 7, 12], "texture": "#bloodrink"},
				"east": {"uv": [4, 0, 6, 3], "texture": "#bloodrink"},
				"south": {"uv": [7, 9, 8, 12], "texture": "#bloodrink"},
				"west": {"uv": [4, 3, 6, 6], "texture": "#bloodrink"},
				"up": {"uv": [13, 2, 12, 0], "texture": "#bloodrink"},
				"down": {"uv": [3, 12, 2, 14], "texture": "#bloodrink"}
			}
		},
		{
			"from": [7.9, 2.3, 7],
			"to": [8, 5.3, 9],
			"faces": {
				"north": {"uv": [10, 0, 11, 3], "texture": "#bloodrink"},
				"east": {"uv": [0, 6, 2, 9], "texture": "#bloodrink"},
				"south": {"uv": [10, 3, 11, 6], "texture": "#bloodrink"},
				"west": {"uv": [6, 0, 8, 3], "texture": "#bloodrink"},
				"up": {"uv": [4, 14, 3, 12], "texture": "#bloodrink"},
				"down": {"uv": [5, 12, 4, 14], "texture": "#bloodrink"}
			}
		},
		{
			"from": [8, 2.3, 7],
			"to": [10, 5.1, 9],
			"faces": {
				"north": {"uv": [2, 6, 4, 9], "texture": "#bloodrink"},
				"east": {"uv": [6, 3, 8, 6], "texture": "#bloodrink"},
				"south": {"uv": [4, 6, 6, 9], "texture": "#bloodrink"},
				"west": {"uv": [6, 6, 8, 9], "texture": "#bloodrink"},
				"up": {"uv": [10, 10, 8, 8], "texture": "#bloodrink"},
				"down": {"uv": [2, 9, 0, 11], "texture": "#bloodrink"}
			}
		}
	],
	"display": {
		"thirdperson_righthand": {
			"rotation": [70, 180, 0],
			"translation": [0.25, 1.75, 6]
		},
		"thirdperson_lefthand": {
			"rotation": [70, 180, 0],
			"translation": [-2.25, 1.75, 6]
		},
		"firstperson_righthand": {
			"rotation": [0, -98, 0],
			"translation": [2, 5.25, 0]
		},
		"firstperson_lefthand": {
			"rotation": [0, -98, 0],
			"translation": [2, 5.25, 0]
		},
		"ground": {
			"translation": [0, 4.25, 0]
		},
		"gui": {
			"rotation": [21, -69, 0],
			"translation": [-0.5, 10.25, 0],
			"scale": [2, 2, 2]
		},
		"head": {
			"translation": [0, 14.5, 0]
		},
		"fixed": {
			"rotation": [-90, 0, 0],
			"translation": [-1.25, 0, -16],
			"scale": [2, 2, 2]
		}
	}
}