{
	"credit": "Made with Blockbench",
	"texture_size": [8, 8],
	"textures": {
		"0": "./rose2",
		"1": "./rose1",
		"2": "./gold",
		"3": "./ruk",
		"4": "./gard2",
		"5": "./sword",
		"6": "./lose",
		"7": "./sapfire",
		"particle": "./rose2"
	},
	"elements": [
		{
			"from": [6, 1, 3.75],
			"to": [7, 2, 20.5],
			"rotation": {"angle": 0, "axis": "y", "origin": [0, 0, -2]},
			"faces": {
				"north": {"uv": [4, 4, 4.5, 4.5], "texture": "#5"},
				"east": {"uv": [0, 0, 8.5, 0.5], "texture": "#5"},
				"south": {"uv": [4, 4.5, 4.5, 5], "texture": "#5"},
				"west": {"uv": [0, 0.5, 8.5, 1], "texture": "#5"},
				"up": {"uv": [0.5, 9.5, 0, 1], "texture": "#5"},
				"down": {"uv": [1, 1, 0.5, 9.5], "texture": "#5"}
			}
		},
		{
			"from": [6.25, 1.25, -13],
			"to": [6.75, 1.75, -8.25],
			"rotation": {"angle": 0, "axis": "y", "origin": [0, 0, -2]},
			"faces": {
				"north": {"uv": [4.5, 5, 4.75, 5.25], "texture": "#5"},
				"east": {"uv": [3, 3, 5.5, 3.25], "texture": "#5"},
				"south": {"uv": [5, 4.5, 5.25, 4.75], "texture": "#5"},
				"west": {"uv": [3, 3.5, 5.5, 3.75], "texture": "#5"},
				"up": {"uv": [3.25, 6.5, 3, 4], "texture": "#5"},
				"down": {"uv": [3.75, 4, 3.5, 6.5], "texture": "#5"}
			}
		},
		{
			"from": [6, 1.25, -8.25],
			"to": [7, 1.75, 3.75],
			"rotation": {"angle": 0, "axis": "y", "origin": [0, 0, -2]},
			"faces": {
				"north": {"uv": [4.5, 4, 5, 4.25], "texture": "#5"},
				"east": {"uv": [2, 2, 8, 2.25], "texture": "#5"},
				"south": {"uv": [4.5, 4.5, 5, 4.75], "texture": "#5"},
				"west": {"uv": [2, 2.5, 8, 2.75], "texture": "#5"},
				"up": {"uv": [1.5, 7, 1, 1], "texture": "#5"},
				"down": {"uv": [2, 1, 1.5, 7], "texture": "#5"}
			}
		},
		{
			"from": [6.25, 1, -8.25],
			"to": [6.75, 2, 3.75],
			"rotation": {"angle": 0, "axis": "y", "origin": [0, 0, -2]},
			"faces": {
				"north": {"uv": [4, 5, 4.25, 5.5], "texture": "#5"},
				"east": {"uv": [2, 1, 8, 1.5], "texture": "#5"},
				"south": {"uv": [5, 4, 5.25, 4.5], "texture": "#5"},
				"west": {"uv": [2, 1.5, 8, 2], "texture": "#5"},
				"up": {"uv": [2.25, 9, 2, 3], "texture": "#5"},
				"down": {"uv": [2.75, 3, 2.5, 9], "texture": "#5"}
			}
		},
		{
			"from": [4.75, -0.5, 19.75],
			"to": [8.25, 3.5, 20.25],
			"rotation": {"angle": 0, "axis": "y", "origin": [0, 0, -2]},
			"faces": {
				"north": {"uv": [0, 0, 1.75, 2], "texture": "#2"},
				"east": {"uv": [5.5, 3.5, 5.75, 5.5], "texture": "#2"},
				"south": {"uv": [0, 2, 1.75, 4], "texture": "#2"},
				"west": {"uv": [4.5, 5.5, 4.75, 7.5], "texture": "#2"},
				"up": {"uv": [1.75, 6.75, 0, 6.5], "texture": "#2"},
				"down": {"uv": [8.25, 0, 6.5, 0.25], "texture": "#2"}
			}
		},
		{
			"from": [4.5, -0.25, 19.75],
			"to": [8.5, 3.25, 20.25],
			"rotation": {"angle": 0, "axis": "y", "origin": [0, 0, -2]},
			"faces": {
				"north": {"uv": [2, 0, 4, 1.75], "texture": "#2"},
				"east": {"uv": [6.5, 0.5, 6.75, 2.25], "texture": "#2"},
				"south": {"uv": [2, 2, 4, 3.75], "texture": "#2"},
				"west": {"uv": [2.5, 6.5, 2.75, 8.25], "texture": "#2"},
				"up": {"uv": [7, 5.75, 5, 5.5], "texture": "#2"},
				"down": {"uv": [2, 6, 0, 6.25], "texture": "#2"}
			}
		},
		{
			"from": [4.75, -0.25, 19.5],
			"to": [8.25, 3.25, 20.5],
			"rotation": {"angle": 0, "axis": "y", "origin": [0, 0, -2]},
			"faces": {
				"north": {"uv": [0, 4, 1.75, 5.75], "texture": "#2"},
				"east": {"uv": [2, 4, 2.5, 5.75], "texture": "#2"},
				"south": {"uv": [4, 0, 5.75, 1.75], "texture": "#2"},
				"west": {"uv": [4, 2, 4.5, 3.75], "texture": "#2"},
				"up": {"uv": [4.25, 4.5, 2.5, 4], "texture": "#2"},
				"down": {"uv": [6.25, 2, 4.5, 2.5], "texture": "#2"}
			}
		},
		{
			"from": [6, 2.75, 19.2498],
			"to": [7, 3.75, 20.4998],
			"rotation": {"angle": 0, "axis": "y", "origin": [0, 0, -2]},
			"faces": {
				"north": {"uv": [7.5, 5.5, 8, 6], "texture": "#2"},
				"east": {"uv": [1, 7, 1.75, 7.5], "texture": "#2"},
				"south": {"uv": [6.5, 7.5, 7, 8], "texture": "#2"},
				"west": {"uv": [7, 1, 7.75, 1.5], "texture": "#2"},
				"up": {"uv": [4.5, 7.25, 4, 6.5], "texture": "#2"},
				"down": {"uv": [7.5, 1.5, 7, 2.25], "texture": "#2"}
			}
		},
		{
			"from": [6, -0.75, 19.2498],
			"to": [7, 0.25, 20.4998],
			"rotation": {"angle": 0, "axis": "y", "origin": [0, 0, -2]},
			"faces": {
				"north": {"uv": [7.5, 7.5, 8, 8], "texture": "#2"},
				"east": {"uv": [7, 4.5, 7.75, 5], "texture": "#2"},
				"south": {"uv": [0, 8, 0.5, 8.5], "texture": "#2"},
				"west": {"uv": [5, 7, 5.75, 7.5], "texture": "#2"},
				"up": {"uv": [7.5, 5.75, 7, 5], "texture": "#2"},
				"down": {"uv": [6.5, 7, 6, 7.75], "texture": "#2"}
			}
		},
		{
			"from": [7.5, 0.75, 19.2498],
			"to": [8.75, 1.75, 20.4998],
			"rotation": {"angle": 0, "axis": "y", "origin": [0, 0, -2]},
			"faces": {
				"north": {"uv": [7, 6, 7.75, 6.5], "texture": "#2"},
				"east": {"uv": [6.5, 7, 7.25, 7.5], "texture": "#2"},
				"south": {"uv": [7, 6.5, 7.75, 7], "texture": "#2"},
				"west": {"uv": [0, 7.5, 0.75, 8], "texture": "#2"},
				"up": {"uv": [5.25, 5.25, 4.5, 4.5], "texture": "#2"},
				"down": {"uv": [3.25, 5.5, 2.5, 6.25], "texture": "#2"}
			}
		},
		{
			"from": [4.25, 0.75, 19.25],
			"to": [5.25, 1.75, 20.5],
			"rotation": {"angle": 0, "axis": "y", "origin": [0, 0, -2]},
			"faces": {
				"north": {"uv": [7, 7.5, 7.5, 8], "texture": "#2"},
				"east": {"uv": [7, 2.5, 7.75, 3], "texture": "#2"},
				"south": {"uv": [7.5, 7, 8, 7.5], "texture": "#2"},
				"west": {"uv": [7, 3, 7.75, 3.5], "texture": "#2"},
				"up": {"uv": [2.5, 7.75, 2, 7], "texture": "#2"},
				"down": {"uv": [7.5, 3.5, 7, 4.25], "texture": "#2"}
			}
		},
		{
			"from": [5.75, 0.75, 28],
			"to": [7.25, 2.25, 29],
			"rotation": {"angle": 0, "axis": "y", "origin": [0, 0, -2]},
			"faces": {
				"north": {"uv": [5.5, 2.5, 6.25, 3.25], "texture": "#2"},
				"east": {"uv": [1, 7.5, 1.5, 8.25], "texture": "#2"},
				"south": {"uv": [3.5, 5.5, 4.25, 6.25], "texture": "#2"},
				"west": {"uv": [1.5, 7.5, 2, 8.25], "texture": "#2"},
				"up": {"uv": [8.25, 2, 7.5, 1.5], "texture": "#2"},
				"down": {"uv": [8.25, 2, 7.5, 2.5], "texture": "#2"}
			}
		},
		{
			"from": [5.5, 0.75, 28],
			"to": [7.5, 2.25, 28.25],
			"rotation": {"angle": 0, "axis": "y", "origin": [0, 0, -2]},
			"faces": {
				"north": {"uv": [2.5, 4.5, 3.5, 5.25], "texture": "#2"},
				"east": {"uv": [8, 7, 8.25, 7.75], "texture": "#2"},
				"south": {"uv": [4.5, 2.5, 5.5, 3.25], "texture": "#2"},
				"west": {"uv": [8, 8, 8.25, 8.75], "texture": "#2"},
				"up": {"uv": [9, 0.75, 8, 0.5], "texture": "#2"},
				"down": {"uv": [9, 1, 8, 1.25], "texture": "#2"}
			}
		},
		{
			"from": [5.75, 0.5, 28],
			"to": [7.25, 2.5, 28.25],
			"rotation": {"angle": 0, "axis": "y", "origin": [0, 0, -2]},
			"faces": {
				"north": {"uv": [3.5, 4.5, 4.25, 5.5], "texture": "#2"},
				"east": {"uv": [0.5, 8, 0.75, 9], "texture": "#2"},
				"south": {"uv": [4.5, 3.5, 5.25, 4.5], "texture": "#2"},
				"west": {"uv": [2, 8, 2.25, 9], "texture": "#2"},
				"up": {"uv": [9.25, 0.25, 8.5, 0], "texture": "#2"},
				"down": {"uv": [1.75, 8.5, 1, 8.75], "texture": "#2"}
			}
		},
		{
			"from": [5.75, 1.25, 28.25],
			"to": [7.25, 1.75, 29.25],
			"rotation": {"angle": 0, "axis": "y", "origin": [0, 0, -2]},
			"faces": {
				"north": {"uv": [8.5, 1.5, 9.25, 1.75], "texture": "#2"},
				"east": {"uv": [8.5, 2.5, 9, 2.75], "texture": "#2"},
				"south": {"uv": [8.5, 2, 9.25, 2.25], "texture": "#2"},
				"west": {"uv": [3, 8.5, 3.5, 8.75], "texture": "#2"},
				"up": {"uv": [3.75, 8, 3, 7.5], "texture": "#2"},
				"down": {"uv": [8.25, 3.5, 7.5, 4], "texture": "#2"}
			}
		},
		{
			"from": [6.25, 1.25, 29.25],
			"to": [6.75, 1.75, 29.5],
			"rotation": {"angle": 0, "axis": "y", "origin": [0, 0, -2]},
			"faces": {
				"north": {"uv": [8.5, 4.5, 8.75, 4.75], "texture": "#2"},
				"east": {"uv": [8.5, 5, 8.75, 5.25], "texture": "#2"},
				"south": {"uv": [8.5, 5.5, 8.75, 5.75], "texture": "#2"},
				"west": {"uv": [6, 8.5, 6.25, 8.75], "texture": "#2"},
				"up": {"uv": [6.75, 8.75, 6.5, 8.5], "texture": "#2"},
				"down": {"uv": [7.25, 8.5, 7, 8.75], "texture": "#2"}
			}
		},
		{
			"from": [5.5, 1, 28.25],
			"to": [7.5, 2, 29],
			"rotation": {"angle": 0, "axis": "y", "origin": [0, 0, -2]},
			"faces": {
				"north": {"uv": [6, 4.5, 7, 5], "texture": "#2"},
				"east": {"uv": [8, 3, 8.5, 3.5], "texture": "#2"},
				"south": {"uv": [5, 6, 6, 6.5], "texture": "#2"},
				"west": {"uv": [3.5, 8, 4, 8.5], "texture": "#2"},
				"up": {"uv": [7, 5.5, 6, 5], "texture": "#2"},
				"down": {"uv": [7, 6, 6, 6.5], "texture": "#2"}
			}
		},
		{
			"from": [6, 0.5, 28.25],
			"to": [7, 2.5, 29],
			"rotation": {"angle": 0, "axis": "y", "origin": [0, 0, -2]},
			"faces": {
				"north": {"uv": [6, 0, 6.5, 1], "texture": "#2"},
				"east": {"uv": [6, 1, 6.5, 2], "texture": "#2"},
				"south": {"uv": [2, 6, 2.5, 7], "texture": "#2"},
				"west": {"uv": [6, 3.5, 6.5, 4.5], "texture": "#2"},
				"up": {"uv": [8.5, 3, 8, 2.5], "texture": "#2"},
				"down": {"uv": [3.5, 8, 3, 8.5], "texture": "#2"}
			}
		},
		{
			"from": [6.25, 0.75, 28.25],
			"to": [6.75, 2.25, 29.25],
			"rotation": {"angle": 0, "axis": "y", "origin": [0, 0, -2]},
			"faces": {
				"north": {"uv": [0, 8.5, 0.25, 9.25], "texture": "#2"},
				"east": {"uv": [4, 7.5, 4.5, 8.25], "texture": "#2"},
				"south": {"uv": [2.5, 8.5, 2.75, 9.25], "texture": "#2"},
				"west": {"uv": [4.5, 7.5, 5, 8.25], "texture": "#2"},
				"up": {"uv": [8.75, 3.5, 8.5, 3], "texture": "#2"},
				"down": {"uv": [3.75, 8.5, 3.5, 9], "texture": "#2"}
			}
		},
		{
			"from": [6, 0.75, 18.5],
			"to": [7, 2.25, 19.5],
			"rotation": {"angle": 0, "axis": "y", "origin": [0.75, 0, -2]},
			"faces": {
				"north": {"uv": [6.5, 2.5, 7, 3.25], "texture": "#2"},
				"east": {"uv": [3, 6.5, 3.5, 7.25], "texture": "#2"},
				"south": {"uv": [3.5, 6.5, 4, 7.25], "texture": "#2"},
				"west": {"uv": [6.5, 3.5, 7, 4.25], "texture": "#2"},
				"up": {"uv": [8, 4.5, 7.5, 4], "texture": "#2"},
				"down": {"uv": [5.5, 7.5, 5, 8], "texture": "#2"}
			}
		},
		{
			"from": [5.75, 1, 18.5],
			"to": [7.25, 2, 19.5],
			"rotation": {"angle": 0, "axis": "y", "origin": [0, 0, -2]},
			"faces": {
				"north": {"uv": [5, 6.5, 5.75, 7], "texture": "#2"},
				"east": {"uv": [7.5, 5, 8, 5.5], "texture": "#2"},
				"south": {"uv": [6, 6.5, 6.75, 7], "texture": "#2"},
				"west": {"uv": [5.5, 7.5, 6, 8], "texture": "#2"},
				"up": {"uv": [0.75, 7.5, 0, 7], "texture": "#2"},
				"down": {"uv": [7.75, 0.5, 7, 1], "texture": "#2"}
			}
		},
		{
			"from": [5.75, 1.25, 18],
			"to": [7.25, 1.75, 18.5],
			"rotation": {"angle": 0, "axis": "y", "origin": [0, 0, -2]},
			"faces": {
				"north": {"uv": [6, 8, 6.75, 8.25], "texture": "#2"},
				"east": {"uv": [8.5, 4, 8.75, 4.25], "texture": "#2"},
				"south": {"uv": [8, 6, 8.75, 6.25], "texture": "#2"},
				"west": {"uv": [4.5, 8.5, 4.75, 8.75], "texture": "#2"},
				"up": {"uv": [8.75, 6.75, 8, 6.5], "texture": "#2"},
				"down": {"uv": [7.75, 8, 7, 8.25], "texture": "#2"}
			}
		},
		{
			"from": [6.25, 0.75, 18],
			"to": [6.75, 2.25, 18.5],
			"rotation": {"angle": 0, "axis": "y", "origin": [0, 0, -2]},
			"faces": {
				"north": {"uv": [8, 4, 8.25, 4.75], "texture": "#2"},
				"east": {"uv": [5, 8, 5.25, 8.75], "texture": "#2"},
				"south": {"uv": [8, 5, 8.25, 5.75], "texture": "#2"},
				"west": {"uv": [5.5, 8, 5.75, 8.75], "texture": "#2"},
				"up": {"uv": [8.75, 3.75, 8.5, 3.5], "texture": "#2"},
				"down": {"uv": [4.25, 8.5, 4, 8.75], "texture": "#2"}
			}
		},
		{
			"from": [6, 1, 20],
			"to": [7, 2, 28],
			"rotation": {"angle": 0, "axis": "y", "origin": [0, 0, -2]},
			"faces": {
				"north": {"uv": [0, 11, 1, 12], "texture": "#3"},
				"east": {"uv": [0, 0, 8, 1], "texture": "#3"},
				"south": {"uv": [1, 11, 2, 12], "texture": "#3"},
				"west": {"uv": [0, 1, 8, 2], "texture": "#3"},
				"up": {"uv": [1, 10, 0, 2], "texture": "#3"},
				"down": {"uv": [2, 2, 1, 10], "texture": "#3"}
			}
		},
		{
			"from": [5.75, 0.75, 20.5],
			"to": [7.25, 2.25, 21.5],
			"rotation": {"angle": 0, "axis": "y", "origin": [0, 0, -2]},
			"faces": {
				"north": {"uv": [2, 6, 3.5, 7.5], "texture": "#3"},
				"east": {"uv": [7, 8, 8, 9.5], "texture": "#3"},
				"south": {"uv": [6, 2, 7.5, 3.5], "texture": "#3"},
				"west": {"uv": [8, 7, 9, 8.5], "texture": "#3"},
				"up": {"uv": [5.5, 10, 4, 9], "texture": "#3"},
				"down": {"uv": [10.5, 5, 9, 6], "texture": "#3"}
			}
		},
		{
			"from": [6, 0.75, 21.5],
			"to": [7, 2.25, 23.25],
			"rotation": {"angle": 0, "axis": "y", "origin": [0, 0, -2]},
			"faces": {
				"north": {"uv": [8, 9, 9, 10.5], "texture": "#3"},
				"east": {"uv": [4, 2, 6, 3.5], "texture": "#3"},
				"south": {"uv": [9, 8, 10, 9.5], "texture": "#3"},
				"west": {"uv": [4, 4, 6, 5.5], "texture": "#3"},
				"up": {"uv": [9, 7, 8, 5], "texture": "#3"},
				"down": {"uv": [7, 8, 6, 10], "texture": "#3"}
			}
		},
		{
			"from": [5.75, 1, 21.5],
			"to": [7.25, 2, 23.25],
			"rotation": {"angle": 0, "axis": "y", "origin": [0, 0, -2]},
			"faces": {
				"north": {"uv": [9, 6, 10.5, 7], "texture": "#3"},
				"east": {"uv": [4, 8, 6, 9], "texture": "#3"},
				"south": {"uv": [9, 7, 10.5, 8], "texture": "#3"},
				"west": {"uv": [8, 4, 10, 5], "texture": "#3"},
				"up": {"uv": [3.5, 4, 2, 2], "texture": "#3"},
				"down": {"uv": [3.5, 4, 2, 6], "texture": "#3"}
			}
		},
		{
			"from": [5.75, 1, 25.75],
			"to": [7.25, 2, 27.25],
			"rotation": {"angle": 0, "axis": "y", "origin": [0, 0, -2]},
			"faces": {
				"north": {"uv": [0, 10, 1.5, 11], "texture": "#3"},
				"east": {"uv": [10, 0, 11.5, 1], "texture": "#3"},
				"south": {"uv": [10, 1, 11.5, 2], "texture": "#3"},
				"west": {"uv": [2, 10, 3.5, 11], "texture": "#3"},
				"up": {"uv": [5.5, 7.5, 4, 6], "texture": "#3"},
				"down": {"uv": [7.5, 4, 6, 5.5], "texture": "#3"}
			}
		},
		{
			"from": [6, 0.75, 25.75],
			"to": [7, 2.25, 27.25],
			"rotation": {"angle": 0, "axis": "y", "origin": [0, 0, -2]},
			"faces": {
				"north": {"uv": [10, 2, 11, 3.5], "texture": "#3"},
				"east": {"uv": [6, 6, 7.5, 7.5], "texture": "#3"},
				"south": {"uv": [4, 10, 5, 11.5], "texture": "#3"},
				"west": {"uv": [8, 0, 9.5, 1.5], "texture": "#3"},
				"up": {"uv": [6, 11.5, 5, 10], "texture": "#3"},
				"down": {"uv": [7, 10, 6, 11.5], "texture": "#3"}
			}
		},
		{
			"from": [5.75, 0.75, 27.25],
			"to": [7.25, 2.25, 28.25],
			"rotation": {"angle": 0, "axis": "y", "origin": [0, 0, -2]},
			"faces": {
				"north": {"uv": [2, 8, 3.5, 9.5], "texture": "#3"},
				"east": {"uv": [7, 10, 8, 11.5], "texture": "#3"},
				"south": {"uv": [8, 2, 9.5, 3.5], "texture": "#3"},
				"west": {"uv": [10, 8, 11, 9.5], "texture": "#3"},
				"up": {"uv": [11.5, 5, 10, 4], "texture": "#3"},
				"down": {"uv": [10.5, 10, 9, 11], "texture": "#3"}
			}
		},
		{
			"from": [5.25, -13.75, 12.25],
			"to": [5.75, -13.25, 15.25],
			"rotation": {"angle": -45, "axis": "x", "origin": [0, 0, -2]},
			"faces": {
				"north": {"uv": [1, 13, 1.5, 13.5], "texture": "#6"},
				"east": {"uv": [6, 4, 9, 4.5], "texture": "#6"},
				"south": {"uv": [13, 1, 13.5, 1.5], "texture": "#6"},
				"west": {"uv": [6, 5, 9, 5.5], "texture": "#6"},
				"up": {"uv": [6.5, 9, 6, 6], "texture": "#6"},
				"down": {"uv": [7.5, 6, 7, 9], "texture": "#6"}
			}
		},
		{
			"from": [7.25, 4, 14.75],
			"to": [7.75, 4.5, 17.75],
			"rotation": {"angle": 45, "axis": "x", "origin": [16, 0, 14]},
			"faces": {
				"north": {"uv": [0, 13, 0.5, 13.5], "texture": "#6"},
				"east": {"uv": [6, 2, 9, 2.5], "texture": "#6"},
				"south": {"uv": [13, 0, 13.5, 0.5], "texture": "#6"},
				"west": {"uv": [6, 3, 9, 3.5], "texture": "#6"},
				"up": {"uv": [0.5, 9, 0, 6], "texture": "#6"},
				"down": {"uv": [1.5, 6, 1, 9], "texture": "#6"}
			}
		},
		{
			"from": [7.25, 2.25, 4],
			"to": [7.75, 2.75, 7],
			"rotation": {"angle": 45, "axis": "y", "origin": [16, 0, 10]},
			"faces": {
				"north": {"uv": [13, 7, 13.5, 7.5], "texture": "#6"},
				"east": {"uv": [8, 8, 11, 8.5], "texture": "#6"},
				"south": {"uv": [8, 13, 8.5, 13.5], "texture": "#6"},
				"west": {"uv": [9, 2, 12, 2.5], "texture": "#6"},
				"up": {"uv": [0.5, 12, 0, 9], "texture": "#6"},
				"down": {"uv": [1.5, 9, 1, 12], "texture": "#6"}
			}
		},
		{
			"from": [5.5, 1.5, 9.5],
			"to": [6, 2, 12.75],
			"rotation": {"angle": -22.5, "axis": "x", "origin": [16, 0, 10]},
			"faces": {
				"north": {"uv": [13, 9, 13.5, 9.5], "texture": "#6"},
				"east": {"uv": [4, 0, 7.5, 0.5], "texture": "#6"},
				"south": {"uv": [10, 13, 10.5, 13.5], "texture": "#6"},
				"west": {"uv": [4, 1, 7.5, 1.5], "texture": "#6"},
				"up": {"uv": [4.5, 7.5, 4, 4], "texture": "#6"},
				"down": {"uv": [5.5, 4, 5, 7.5], "texture": "#6"}
			}
		},
		{
			"from": [7, 2, 14.5],
			"to": [7.5, 2.5, 17.5],
			"rotation": {"angle": 22.5, "axis": "x", "origin": [0, 16, 10]},
			"faces": {
				"north": {"uv": [13, 10, 13.5, 10.5], "texture": "#6"},
				"east": {"uv": [9, 5, 12, 5.5], "texture": "#6"},
				"south": {"uv": [11, 13, 11.5, 13.5], "texture": "#6"},
				"west": {"uv": [8, 9, 11, 9.5], "texture": "#6"},
				"up": {"uv": [8.5, 13, 8, 10], "texture": "#6"},
				"down": {"uv": [9.5, 10, 9, 13], "texture": "#6"}
			}
		},
		{
			"from": [7.002, 1.25, 8],
			"to": [7.502, 1.75, 9],
			"rotation": {"angle": 0, "axis": "y", "origin": [0, 16, 10]},
			"faces": {
				"north": {"uv": [13, 11, 13.5, 11.5], "texture": "#6"},
				"east": {"uv": [12, 7, 13, 7.5], "texture": "#6"},
				"south": {"uv": [12, 13, 12.5, 13.5], "texture": "#6"},
				"west": {"uv": [12, 8, 13, 8.5], "texture": "#6"},
				"up": {"uv": [12.5, 10, 12, 9], "texture": "#6"},
				"down": {"uv": [10.5, 12, 10, 13], "texture": "#6"}
			}
		},
		{
			"from": [5.5002, 1.25, 8],
			"to": [6.0002, 1.75, 9],
			"rotation": {"angle": 0, "axis": "y", "origin": [0, 16, 10]},
			"faces": {
				"north": {"uv": [13, 12, 13.5, 12.5], "texture": "#6"},
				"east": {"uv": [12, 10, 13, 10.5], "texture": "#6"},
				"south": {"uv": [13, 13, 13.5, 13.5], "texture": "#6"},
				"west": {"uv": [11, 12, 12, 12.5], "texture": "#6"},
				"up": {"uv": [12.5, 12, 12, 11], "texture": "#6"},
				"down": {"uv": [12.5, 12, 12, 13], "texture": "#6"}
			}
		},
		{
			"from": [5.75, 1.25, 6.75],
			"to": [6, 1.75, 8],
			"rotation": {"angle": 0, "axis": "y", "origin": [0, 16, 10]},
			"faces": {
				"north": {"uv": [0, 14, 0.5, 14.5], "texture": "#6"},
				"east": {"uv": [10, 10, 11.5, 10.5], "texture": "#6"},
				"south": {"uv": [14, 0, 14.5, 0.5], "texture": "#6"},
				"west": {"uv": [11, 0, 12.5, 0.5], "texture": "#6"},
				"up": {"uv": [2.5, 12.5, 2, 11], "texture": "#6"},
				"down": {"uv": [3.5, 11, 3, 12.5], "texture": "#6"}
			}
		},
		{
			"from": [7, 1.25, 6.75],
			"to": [7.25, 1.75, 8],
			"rotation": {"angle": 0, "axis": "y", "origin": [0, 16, 10]},
			"faces": {
				"north": {"uv": [2, 14, 2.5, 14.5], "texture": "#6"},
				"east": {"uv": [10, 11, 11.5, 11.5], "texture": "#6"},
				"south": {"uv": [14, 2, 14.5, 2.5], "texture": "#6"},
				"west": {"uv": [0, 12, 1.5, 12.5], "texture": "#6"},
				"up": {"uv": [12.5, 3.5, 12, 2], "texture": "#6"},
				"down": {"uv": [4.5, 12, 4, 13.5], "texture": "#6"}
			}
		},
		{
			"from": [7, 1.5, 5.5],
			"to": [7.25, 1.75, 6.75],
			"rotation": {"angle": 0, "axis": "y", "origin": [0, 16, 10]},
			"faces": {
				"north": {"uv": [3, 14, 3.5, 14.5], "texture": "#6"},
				"east": {"uv": [12, 4, 13.5, 4.5], "texture": "#6"},
				"south": {"uv": [14, 3, 14.5, 3.5], "texture": "#6"},
				"west": {"uv": [5, 12, 6.5, 12.5], "texture": "#6"},
				"up": {"uv": [12.5, 6.5, 12, 5], "texture": "#6"},
				"down": {"uv": [7.5, 12, 7, 13.5], "texture": "#6"}
			}
		},
		{
			"from": [5.75, 1.25, 5.5],
			"to": [6, 1.5, 6.75],
			"rotation": {"angle": 0, "axis": "y", "origin": [0, 16, 10]},
			"faces": {
				"north": {"uv": [1, 14, 1.5, 14.5], "texture": "#6"},
				"east": {"uv": [11, 1, 12.5, 1.5], "texture": "#6"},
				"south": {"uv": [14, 1, 14.5, 1.5], "texture": "#6"},
				"west": {"uv": [4, 11, 5.5, 11.5], "texture": "#6"},
				"up": {"uv": [11.5, 7.5, 11, 6], "texture": "#6"},
				"down": {"uv": [11.5, 8, 11, 9.5], "texture": "#6"}
			}
		},
		{
			"from": [6, 0.25, 6],
			"to": [6.5, 0.75, 9],
			"rotation": {"angle": -45, "axis": "y", "origin": [0, 0, 10]},
			"faces": {
				"north": {"uv": [13, 8, 13.5, 8.5], "texture": "#6"},
				"east": {"uv": [9, 3, 12, 3.5], "texture": "#6"},
				"south": {"uv": [9, 13, 9.5, 13.5], "texture": "#6"},
				"west": {"uv": [9, 4, 12, 4.5], "texture": "#6"},
				"up": {"uv": [6.5, 12, 6, 9], "texture": "#6"},
				"down": {"uv": [7.5, 9, 7, 12], "texture": "#6"}
			}
		},
		{
			"from": [5.25, -13.75, 8.25],
			"to": [5.75, -13.25, 11.25],
			"rotation": {"angle": -45, "axis": "x", "origin": [0, 0, -6]},
			"faces": {
				"north": {"uv": [5, 13, 5.5, 13.5], "texture": "#6"},
				"east": {"uv": [8, 0, 11, 0.5], "texture": "#6"},
				"south": {"uv": [13, 5, 13.5, 5.5], "texture": "#6"},
				"west": {"uv": [8, 1, 11, 1.5], "texture": "#6"},
				"up": {"uv": [2.5, 11, 2, 8], "texture": "#6"},
				"down": {"uv": [3.5, 8, 3, 11], "texture": "#6"}
			}
		},
		{
			"from": [7.25, 4, 10.75],
			"to": [7.75, 4.5, 13.75],
			"rotation": {"angle": 45, "axis": "x", "origin": [16, 0, 10]},
			"faces": {
				"north": {"uv": [6, 13, 6.5, 13.5], "texture": "#6"},
				"east": {"uv": [8, 6, 11, 6.5], "texture": "#6"},
				"south": {"uv": [13, 6, 13.5, 6.5], "texture": "#6"},
				"west": {"uv": [8, 7, 11, 7.5], "texture": "#6"},
				"up": {"uv": [4.5, 11, 4, 8], "texture": "#6"},
				"down": {"uv": [5.5, 8, 5, 11], "texture": "#6"}
			}
		},
		{
			"from": [7.25, 2.25, 7.75],
			"to": [7.75, 2.75, 11],
			"rotation": {"angle": 45, "axis": "y", "origin": [16, 0, 14]},
			"faces": {
				"north": {"uv": [2, 13, 2.5, 13.5], "texture": "#6"},
				"east": {"uv": [0, 0, 3.5, 0.5], "texture": "#6"},
				"south": {"uv": [13, 2, 13.5, 2.5], "texture": "#6"},
				"west": {"uv": [0, 1, 3.5, 1.5], "texture": "#6"},
				"up": {"uv": [0.5, 5.5, 0, 2], "texture": "#6"},
				"down": {"uv": [1.5, 2, 1, 5.5], "texture": "#6"}
			}
		},
		{
			"from": [6, 0.25, 9.75],
			"to": [6.5, 0.75, 13],
			"rotation": {"angle": -45, "axis": "y", "origin": [0, 0, 14]},
			"faces": {
				"north": {"uv": [3, 13, 3.5, 13.5], "texture": "#6"},
				"east": {"uv": [2, 2, 5.5, 2.5], "texture": "#6"},
				"south": {"uv": [13, 3, 13.5, 3.5], "texture": "#6"},
				"west": {"uv": [2, 3, 5.5, 3.5], "texture": "#6"},
				"up": {"uv": [2.5, 7.5, 2, 4], "texture": "#6"},
				"down": {"uv": [3.5, 4, 3, 7.5], "texture": "#6"}
			}
		},
		{
			"from": [6.25, 2.75, 12.25],
			"to": [6.5, 3, 12.5],
			"rotation": {"angle": 0, "axis": "y", "origin": [0, -0.25, -2]},
			"faces": {
				"north": {"uv": [11, 2, 11.5, 2.5], "texture": "#1"},
				"east": {"uv": [3, 11, 3.5, 11.5], "texture": "#1"},
				"south": {"uv": [11, 3, 11.5, 3.5], "texture": "#1"},
				"west": {"uv": [4, 11, 4.5, 11.5], "texture": "#1"},
				"up": {"uv": [11.5, 4.5, 11, 4], "texture": "#1"},
				"down": {"uv": [5.5, 11, 5, 11.5], "texture": "#1"}
			}
		},
		{
			"from": [5.24, 1, 14.25],
			"to": [5.24, 1.75, 15],
			"rotation": {"angle": 0, "axis": "y", "origin": [6.5, 1.5, 14]},
			"faces": {
				"north": {"uv": [0, 0, 0, 1], "texture": "#1"},
				"east": {"uv": [0, 2, 1, 3], "texture": "#1"},
				"south": {"uv": [0, 0, 0, 1], "texture": "#1"},
				"west": {"uv": [2, 0, 3, 1], "texture": "#1"},
				"up": {"uv": [0, 1, 0, 0], "texture": "#1"},
				"down": {"uv": [0, 0, 0, 1], "texture": "#1"}
			}
		},
		{
			"from": [5.22, 0.75, 14],
			"to": [5.22, 1.5, 14.75],
			"rotation": {"angle": 0, "axis": "y", "origin": [6.5, 1.5, 14]},
			"faces": {
				"north": {"uv": [0, 0, 0, 1], "texture": "#1"},
				"east": {"uv": [1, 2, 2, 3], "texture": "#1"},
				"south": {"uv": [0, 0, 0, 1], "texture": "#1"},
				"west": {"uv": [2, 1, 3, 2], "texture": "#1"},
				"up": {"uv": [0, 1, 0, 0], "texture": "#1"},
				"down": {"uv": [0, 0, 0, 1], "texture": "#1"}
			}
		},
		{
			"from": [5.22, 1.25, 14],
			"to": [5.22, 2, 14.75],
			"rotation": {"angle": 0, "axis": "y", "origin": [6.5, 1.5, 14]},
			"faces": {
				"north": {"uv": [0, 0, 0, 1], "texture": "#1"},
				"east": {"uv": [0, 0, 1, 1], "texture": "#1"},
				"south": {"uv": [0, 0, 0, 1], "texture": "#1"},
				"west": {"uv": [0, 1, 1, 2], "texture": "#1"},
				"up": {"uv": [0, 1, 0, 0], "texture": "#1"},
				"down": {"uv": [0, 0, 0, 1], "texture": "#1"}
			}
		},
		{
			"from": [5.24, 1, 13.75],
			"to": [5.24, 1.75, 14.5],
			"rotation": {"angle": 0, "axis": "y", "origin": [6.5, 1.5, 14]},
			"faces": {
				"north": {"uv": [0, 0, 0, 1], "texture": "#1"},
				"east": {"uv": [1, 0, 2, 1], "texture": "#1"},
				"south": {"uv": [0, 0, 0, 1], "texture": "#1"},
				"west": {"uv": [1, 1, 2, 2], "texture": "#1"},
				"up": {"uv": [0, 1, 0, 0], "texture": "#1"},
				"down": {"uv": [0, 0, 0, 1], "texture": "#1"}
			}
		},
		{
			"from": [5.44082, 1.25, 14.70932],
			"to": [5.44082, 1.75, 15.45932],
			"rotation": {"angle": -22.5, "axis": "y", "origin": [6.5, 1.5, 14]},
			"faces": {
				"north": {"uv": [0, 0, 0, 0.5], "texture": "#1"},
				"east": {"uv": [7, 2, 8, 2.5], "texture": "#1"},
				"south": {"uv": [0, 0, 0, 0.5], "texture": "#1"},
				"west": {"uv": [3, 7, 4, 7.5], "texture": "#1"},
				"up": {"uv": [0, 1, 0, 0], "texture": "#1"},
				"down": {"uv": [0, 0, 0, 1], "texture": "#1"}
			}
		},
		{
			"from": [5.34515, 0.27165, 14.25],
			"to": [5.34515, 1.02165, 14.75],
			"rotation": {"angle": -22.5, "axis": "z", "origin": [6.5, 1.5, 14]},
			"faces": {
				"north": {"uv": [0, 0, 0, 1], "texture": "#1"},
				"east": {"uv": [6, 6, 6.5, 7], "texture": "#1"},
				"south": {"uv": [0, 0, 0, 1], "texture": "#1"},
				"west": {"uv": [0, 7, 0.5, 8], "texture": "#1"},
				"up": {"uv": [0, 0.5, 0, 0], "texture": "#1"},
				"down": {"uv": [0, 0, 0, 0.5], "texture": "#1"}
			}
		},
		{
			"from": [5.15381, 1, 13.23359],
			"to": [5.15381, 1.5, 13.98359],
			"rotation": {"angle": 22.5, "axis": "y", "origin": [6.5, 1.5, 14]},
			"faces": {
				"north": {"uv": [0, 0, 0, 0.5], "texture": "#1"},
				"east": {"uv": [7, 0, 8, 0.5], "texture": "#1"},
				"south": {"uv": [0, 0, 0, 0.5], "texture": "#1"},
				"west": {"uv": [1, 7, 2, 7.5], "texture": "#1"},
				"up": {"uv": [0, 1, 0, 0], "texture": "#1"},
				"down": {"uv": [0, 0, 0, 1], "texture": "#1"}
			}
		},
		{
			"from": [5.24948, 1.74738, 14],
			"to": [5.24948, 2.49738, 14.5],
			"rotation": {"angle": 22.5, "axis": "z", "origin": [6.5, 1.5, 14]},
			"faces": {
				"north": {"uv": [0, 0, 0, 1], "texture": "#1"},
				"east": {"uv": [7, 1, 7.5, 2], "texture": "#1"},
				"south": {"uv": [0, 0, 0, 1], "texture": "#1"},
				"west": {"uv": [2, 7, 2.5, 8], "texture": "#1"},
				"up": {"uv": [0, 0.5, 0, 0], "texture": "#1"},
				"down": {"uv": [0, 0, 0, 0.5], "texture": "#1"}
			}
		},
		{
			"from": [5, 1.25, 14.25],
			"to": [5.25, 1.5, 14.5],
			"rotation": {"angle": 0, "axis": "y", "origin": [6.5, 1.5, 14]},
			"faces": {
				"north": {"uv": [9, 7, 9.5, 7.5], "texture": "#1"},
				"east": {"uv": [8, 9, 8.5, 9.5], "texture": "#1"},
				"south": {"uv": [9, 8, 9.5, 8.5], "texture": "#1"},
				"west": {"uv": [9, 9, 9.5, 9.5], "texture": "#1"},
				"up": {"uv": [0.5, 10.5, 0, 10], "texture": "#1"},
				"down": {"uv": [10.5, 0, 10, 0.5], "texture": "#1"}
			}
		},
		{
			"from": [7.76, 0.75, 14],
			"to": [7.76, 1.5, 14.75],
			"rotation": {"angle": 0, "axis": "y", "origin": [6.5, 1.5, 14]},
			"faces": {
				"north": {"uv": [0, 0, 0, 1], "texture": "#1"},
				"east": {"uv": [4, 4, 5, 5], "texture": "#1"},
				"south": {"uv": [0, 0, 0, 1], "texture": "#1"},
				"west": {"uv": [0, 5, 1, 6], "texture": "#1"},
				"up": {"uv": [0, 1, 0, 0], "texture": "#1"},
				"down": {"uv": [0, 0, 0, 1], "texture": "#1"}
			}
		},
		{
			"from": [7.78, 1, 14.25],
			"to": [7.78, 1.75, 15],
			"rotation": {"angle": 0, "axis": "y", "origin": [6.5, 1.5, 14]},
			"faces": {
				"north": {"uv": [0, 0, 0, 1], "texture": "#1"},
				"east": {"uv": [5, 1, 6, 2], "texture": "#1"},
				"south": {"uv": [0, 0, 0, 1], "texture": "#1"},
				"west": {"uv": [2, 5, 3, 6], "texture": "#1"},
				"up": {"uv": [0, 1, 0, 0], "texture": "#1"},
				"down": {"uv": [0, 0, 0, 1], "texture": "#1"}
			}
		},
		{
			"from": [7.76, 1.25, 14],
			"to": [7.76, 2, 14.75],
			"rotation": {"angle": 0, "axis": "y", "origin": [6.5, 1.5, 14]},
			"faces": {
				"north": {"uv": [0, 0, 0, 1], "texture": "#1"},
				"east": {"uv": [5, 2, 6, 3], "texture": "#1"},
				"south": {"uv": [0, 0, 0, 1], "texture": "#1"},
				"west": {"uv": [3, 5, 4, 6], "texture": "#1"},
				"up": {"uv": [0, 1, 0, 0], "texture": "#1"},
				"down": {"uv": [0, 0, 0, 1], "texture": "#1"}
			}
		},
		{
			"from": [7.78, 1, 13.75],
			"to": [7.78, 1.75, 14.5],
			"rotation": {"angle": 0, "axis": "y", "origin": [6.5, 1.5, 14]},
			"faces": {
				"north": {"uv": [0, 0, 0, 1], "texture": "#1"},
				"east": {"uv": [5, 0, 6, 1], "texture": "#1"},
				"south": {"uv": [0, 0, 0, 1], "texture": "#1"},
				"west": {"uv": [1, 5, 2, 6], "texture": "#1"},
				"up": {"uv": [0, 1, 0, 0], "texture": "#1"},
				"down": {"uv": [0, 0, 0, 1], "texture": "#1"}
			}
		},
		{
			"from": [7.75052, 1.74738, 14],
			"to": [7.75052, 2.49738, 14.5],
			"rotation": {"angle": -22.5, "axis": "z", "origin": [6.5, 1.5, 14]},
			"faces": {
				"north": {"uv": [0, 0, 0, 1], "texture": "#1"},
				"east": {"uv": [7, 8, 7.5, 9], "texture": "#1"},
				"south": {"uv": [0, 0, 0, 1], "texture": "#1"},
				"west": {"uv": [8, 7, 8.5, 8], "texture": "#1"},
				"up": {"uv": [0, 0.5, 0, 0], "texture": "#1"},
				"down": {"uv": [0, 0, 0, 0.5], "texture": "#1"}
			}
		},
		{
			"from": [7.55918, 1.25, 14.70932],
			"to": [7.55918, 1.75, 15.45932],
			"rotation": {"angle": 22.5, "axis": "y", "origin": [6.5, 1.5, 14]},
			"faces": {
				"north": {"uv": [0, 0, 0, 0.5], "texture": "#1"},
				"east": {"uv": [6, 8, 7, 8.5], "texture": "#1"},
				"south": {"uv": [0, 0, 0, 0.5], "texture": "#1"},
				"west": {"uv": [8, 6, 9, 6.5], "texture": "#1"},
				"up": {"uv": [0, 1, 0, 0], "texture": "#1"},
				"down": {"uv": [0, 0, 0, 1], "texture": "#1"}
			}
		},
		{
			"from": [7.84619, 1, 13.23359],
			"to": [7.84619, 1.5, 13.98359],
			"rotation": {"angle": -22.5, "axis": "y", "origin": [6.5, 1.5, 14]},
			"faces": {
				"north": {"uv": [0, 0, 0, 0.5], "texture": "#1"},
				"east": {"uv": [4, 8, 5, 8.5], "texture": "#1"},
				"south": {"uv": [0, 0, 0, 0.5], "texture": "#1"},
				"west": {"uv": [8, 4, 9, 4.5], "texture": "#1"},
				"up": {"uv": [0, 1, 0, 0], "texture": "#1"},
				"down": {"uv": [0, 0, 0, 1], "texture": "#1"}
			}
		},
		{
			"from": [7.65485, 0.27165, 14.25],
			"to": [7.65485, 1.02165, 14.75],
			"rotation": {"angle": 22.5, "axis": "z", "origin": [6.5, 1.5, 14]},
			"faces": {
				"north": {"uv": [0, 0, 0, 1], "texture": "#1"},
				"east": {"uv": [5, 8, 5.5, 9], "texture": "#1"},
				"south": {"uv": [0, 0, 0, 1], "texture": "#1"},
				"west": {"uv": [8, 5, 8.5, 6], "texture": "#1"},
				"up": {"uv": [0, 0.5, 0, 0], "texture": "#1"},
				"down": {"uv": [0, 0, 0, 0.5], "texture": "#1"}
			}
		},
		{
			"from": [7.75, 1.25, 14.25],
			"to": [8, 1.5, 14.5],
			"rotation": {"angle": 0, "axis": "y", "origin": [6.5, 1.5, 14]},
			"faces": {
				"north": {"uv": [7, 10, 7.5, 10.5], "texture": "#1"},
				"east": {"uv": [10, 7, 10.5, 7.5], "texture": "#1"},
				"south": {"uv": [8, 10, 8.5, 10.5], "texture": "#1"},
				"west": {"uv": [10, 8, 10.5, 8.5], "texture": "#1"},
				"up": {"uv": [9.5, 10.5, 9, 10], "texture": "#1"},
				"down": {"uv": [10.5, 9, 10, 9.5], "texture": "#1"}
			}
		},
		{
			"from": [6.25, 0, 16.25],
			"to": [6.5, 0.25, 16.5],
			"rotation": {"angle": 0, "axis": "y", "origin": [6.25, 0.25, 18.5]},
			"faces": {
				"north": {"uv": [4, 10, 4.5, 10.5], "texture": "#1"},
				"east": {"uv": [10, 4, 10.5, 4.5], "texture": "#1"},
				"south": {"uv": [5, 10, 5.5, 10.5], "texture": "#1"},
				"west": {"uv": [10, 5, 10.5, 5.5], "texture": "#1"},
				"up": {"uv": [6.5, 10.5, 6, 10], "texture": "#1"},
				"down": {"uv": [10.5, 6, 10, 6.5], "texture": "#1"}
			}
		},
		{
			"from": [6, -0.61104, 16.42127],
			"to": [6.5, -0.61104, 17.17127],
			"rotation": {"angle": 22.5, "axis": "x", "origin": [6.25, 0.25, 18.5]},
			"faces": {
				"north": {"uv": [0, 0, 0.5, 0], "texture": "#1"},
				"east": {"uv": [0, 0, 1, 0], "texture": "#1"},
				"south": {"uv": [0, 0, 0.5, 0], "texture": "#1"},
				"west": {"uv": [0, 0, 1, 0], "texture": "#1"},
				"up": {"uv": [3.5, 9, 3, 8], "texture": "#1"},
				"down": {"uv": [8.5, 3, 8, 4], "texture": "#1"}
			}
		},
		{
			"from": [5.73097, 0.15433, 16],
			"to": [6.48097, 0.15433, 16.5],
			"rotation": {"angle": 22.5, "axis": "z", "origin": [6.25, 0.25, 18.5]},
			"faces": {
				"north": {"uv": [0, 0, 1, 0], "texture": "#1"},
				"east": {"uv": [0, 0, 0.5, 0], "texture": "#1"},
				"south": {"uv": [0, 0, 1, 0], "texture": "#1"},
				"west": {"uv": [0, 0, 0.5, 0], "texture": "#1"},
				"up": {"uv": [1, 8.5, 0, 8], "texture": "#1"},
				"down": {"uv": [9, 0, 8, 0.5], "texture": "#1"}
			}
		},
		{
			"from": [6.25, 1.01537, 15.90224],
			"to": [6.75, 1.01537, 16.65224],
			"rotation": {"angle": -22.5, "axis": "x", "origin": [6.25, 0.25, 18.5]},
			"faces": {
				"north": {"uv": [0, 0, 0.5, 0], "texture": "#1"},
				"east": {"uv": [0, 0, 1, 0], "texture": "#1"},
				"south": {"uv": [0, 0, 0.5, 0], "texture": "#1"},
				"west": {"uv": [0, 0, 1, 0], "texture": "#1"},
				"up": {"uv": [1.5, 9, 1, 8], "texture": "#1"},
				"down": {"uv": [8.5, 1, 8, 2], "texture": "#1"}
			}
		},
		{
			"from": [6.25, 0.25, 16.25],
			"to": [7, 0.25, 16.75],
			"rotation": {"angle": -22.5, "axis": "z", "origin": [6.25, 0.25, 18.5]},
			"faces": {
				"north": {"uv": [0, 0, 1, 0], "texture": "#1"},
				"east": {"uv": [0, 0, 0.5, 0], "texture": "#1"},
				"south": {"uv": [0, 0, 1, 0], "texture": "#1"},
				"west": {"uv": [0, 0, 0.5, 0], "texture": "#1"},
				"up": {"uv": [3, 8.5, 2, 8], "texture": "#1"},
				"down": {"uv": [9, 2, 8, 2.5], "texture": "#1"}
			}
		},
		{
			"from": [6.25, 0.248, 16],
			"to": [7, 0.248, 16.75],
			"rotation": {"angle": 0, "axis": "y", "origin": [6.25, 0.25, 18.5]},
			"faces": {
				"north": {"uv": [0, 0, 1, 0], "texture": "#1"},
				"east": {"uv": [0, 0, 1, 0], "texture": "#1"},
				"south": {"uv": [0, 0, 1, 0], "texture": "#1"},
				"west": {"uv": [0, 0, 1, 0], "texture": "#1"},
				"up": {"uv": [3, 5, 2, 4], "texture": "#1"},
				"down": {"uv": [5, 2, 4, 3], "texture": "#1"}
			}
		},
		{
			"from": [6, 0.246, 16.25],
			"to": [6.75, 0.246, 17],
			"rotation": {"angle": 0, "axis": "y", "origin": [6.25, 0.25, 18.5]},
			"faces": {
				"north": {"uv": [0, 0, 1, 0], "texture": "#1"},
				"east": {"uv": [0, 0, 1, 0], "texture": "#1"},
				"south": {"uv": [0, 0, 1, 0], "texture": "#1"},
				"west": {"uv": [0, 0, 1, 0], "texture": "#1"},
				"up": {"uv": [4, 3, 3, 2], "texture": "#1"},
				"down": {"uv": [4, 3, 3, 4], "texture": "#1"}
			}
		},
		{
			"from": [5.75, 0.248, 16],
			"to": [6.5, 0.248, 16.75],
			"rotation": {"angle": 0, "axis": "y", "origin": [6.25, 0.25, 18.5]},
			"faces": {
				"north": {"uv": [0, 0, 1, 0], "texture": "#1"},
				"east": {"uv": [0, 0, 1, 0], "texture": "#1"},
				"south": {"uv": [0, 0, 1, 0], "texture": "#1"},
				"west": {"uv": [0, 0, 1, 0], "texture": "#1"},
				"up": {"uv": [1, 5, 0, 4], "texture": "#1"},
				"down": {"uv": [5, 0, 4, 1], "texture": "#1"}
			}
		},
		{
			"from": [6, 0.246, 15.75],
			"to": [6.75, 0.246, 16.5],
			"rotation": {"angle": 0, "axis": "y", "origin": [6.25, 0.25, 18.5]},
			"faces": {
				"north": {"uv": [0, 0, 1, 0], "texture": "#1"},
				"east": {"uv": [0, 0, 1, 0], "texture": "#1"},
				"south": {"uv": [0, 0, 1, 0], "texture": "#1"},
				"west": {"uv": [0, 0, 1, 0], "texture": "#1"},
				"up": {"uv": [2, 5, 1, 4], "texture": "#1"},
				"down": {"uv": [5, 1, 4, 2], "texture": "#1"}
			}
		},
		{
			"from": [6, 0.246, 12.25],
			"to": [6.75, 0.246, 13],
			"rotation": {"angle": 0, "axis": "y", "origin": [0, 3.25, -2]},
			"faces": {
				"north": {"uv": [0, 0, 1, 0], "texture": "#1"},
				"east": {"uv": [0, 0, 1, 0], "texture": "#1"},
				"south": {"uv": [0, 0, 1, 0], "texture": "#1"},
				"west": {"uv": [0, 0, 1, 0], "texture": "#1"},
				"up": {"uv": [4, 2, 3, 1], "texture": "#1"},
				"down": {"uv": [3, 3, 2, 4], "texture": "#1"}
			}
		},
		{
			"from": [5.75, 0.248, 12],
			"to": [6.5, 0.248, 12.75],
			"rotation": {"angle": 0, "axis": "y", "origin": [0, 3.25, -2]},
			"faces": {
				"north": {"uv": [0, 0, 1, 0], "texture": "#1"},
				"east": {"uv": [0, 0, 1, 0], "texture": "#1"},
				"south": {"uv": [0, 0, 1, 0], "texture": "#1"},
				"west": {"uv": [0, 0, 1, 0], "texture": "#1"},
				"up": {"uv": [4, 1, 3, 0], "texture": "#1"},
				"down": {"uv": [2, 3, 1, 4], "texture": "#1"}
			}
		},
		{
			"from": [6, 0.246, 11.75],
			"to": [6.75, 0.246, 12.5],
			"rotation": {"angle": 0, "axis": "y", "origin": [0, 3.25, -2]},
			"faces": {
				"north": {"uv": [0, 0, 1, 0], "texture": "#1"},
				"east": {"uv": [0, 0, 1, 0], "texture": "#1"},
				"south": {"uv": [0, 0, 1, 0], "texture": "#1"},
				"west": {"uv": [0, 0, 1, 0], "texture": "#1"},
				"up": {"uv": [3, 3, 2, 2], "texture": "#1"},
				"down": {"uv": [1, 3, 0, 4], "texture": "#1"}
			}
		},
		{
			"from": [6.25, 0.248, 12],
			"to": [7, 0.248, 12.75],
			"rotation": {"angle": 0, "axis": "y", "origin": [0, 3.25, -2]},
			"faces": {
				"north": {"uv": [0, 0, 1, 0], "texture": "#1"},
				"east": {"uv": [0, 0, 1, 0], "texture": "#1"},
				"south": {"uv": [0, 0, 1, 0], "texture": "#1"},
				"west": {"uv": [0, 0, 1, 0], "texture": "#1"},
				"up": {"uv": [4, 5, 3, 4], "texture": "#1"},
				"down": {"uv": [5, 3, 4, 4], "texture": "#1"}
			}
		},
		{
			"from": [6.25, 0.25, 11.75],
			"to": [6.75, 0.25, 12.5],
			"rotation": {"angle": -22.5, "axis": "x", "origin": [6.25, 0.25, 12.5]},
			"faces": {
				"north": {"uv": [0, 0, 0.5, 0], "texture": "#1"},
				"east": {"uv": [0, 0, 1, 0], "texture": "#1"},
				"south": {"uv": [0, 0, 0.5, 0], "texture": "#1"},
				"west": {"uv": [0, 0, 1, 0], "texture": "#1"},
				"up": {"uv": [7.5, 5, 7, 4], "texture": "#1"},
				"down": {"uv": [5.5, 7, 5, 8], "texture": "#1"}
			}
		},
		{
			"from": [6.25, 0.25, 12.25],
			"to": [7, 0.25, 12.75],
			"rotation": {"angle": -22.5, "axis": "z", "origin": [6.25, 0.25, 12.25]},
			"faces": {
				"north": {"uv": [0, 0, 1, 0], "texture": "#1"},
				"east": {"uv": [0, 0, 0.5, 0], "texture": "#1"},
				"south": {"uv": [0, 0, 1, 0], "texture": "#1"},
				"west": {"uv": [0, 0, 0.5, 0], "texture": "#1"},
				"up": {"uv": [8, 5.5, 7, 5], "texture": "#1"},
				"down": {"uv": [7, 7, 6, 7.5], "texture": "#1"}
			}
		},
		{
			"from": [6, 0.25, 12.25],
			"to": [6.5, 0.25, 13],
			"rotation": {"angle": 22.5, "axis": "x", "origin": [6.5, 0.25, 12.25]},
			"faces": {
				"north": {"uv": [0, 0, 0.5, 0], "texture": "#1"},
				"east": {"uv": [0, 0, 1, 0], "texture": "#1"},
				"south": {"uv": [0, 0, 0.5, 0], "texture": "#1"},
				"west": {"uv": [0, 0, 1, 0], "texture": "#1"},
				"up": {"uv": [7.5, 7, 7, 6], "texture": "#1"},
				"down": {"uv": [7.5, 7, 7, 8], "texture": "#1"}
			}
		},
		{
			"from": [5.75, 0.25, 12],
			"to": [6.5, 0.25, 12.5],
			"rotation": {"angle": 22.5, "axis": "z", "origin": [6.5, 0.25, 12.25]},
			"faces": {
				"north": {"uv": [0, 0, 1, 0], "texture": "#1"},
				"east": {"uv": [0, 0, 0.5, 0], "texture": "#1"},
				"south": {"uv": [0, 0, 1, 0], "texture": "#1"},
				"west": {"uv": [0, 0, 0.5, 0], "texture": "#1"},
				"up": {"uv": [8, 3.5, 7, 3], "texture": "#1"},
				"down": {"uv": [5, 7, 4, 7.5], "texture": "#1"}
			}
		},
		{
			"from": [6.25, 0, 12.25],
			"to": [6.5, 0.25, 12.5],
			"rotation": {"angle": 0, "axis": "y", "origin": [0, 3.25, -2]},
			"faces": {
				"north": {"uv": [1, 10, 1.5, 10.5], "texture": "#1"},
				"east": {"uv": [10, 1, 10.5, 1.5], "texture": "#1"},
				"south": {"uv": [2, 10, 2.5, 10.5], "texture": "#1"},
				"west": {"uv": [10, 2, 10.5, 2.5], "texture": "#1"},
				"up": {"uv": [3.5, 10.5, 3, 10], "texture": "#1"},
				"down": {"uv": [10.5, 3, 10, 3.5], "texture": "#1"}
			}
		},
		{
			"from": [5.75, 2.751, 12],
			"to": [6.5, 2.751, 12.75],
			"rotation": {"angle": 0, "axis": "y", "origin": [0, -0.25, -2]},
			"faces": {
				"north": {"uv": [0, 0, 1, 0], "texture": "#1"},
				"east": {"uv": [0, 0, 1, 0], "texture": "#1"},
				"south": {"uv": [0, 0, 1, 0], "texture": "#1"},
				"west": {"uv": [0, 0, 1, 0], "texture": "#1"},
				"up": {"uv": [5, 7, 4, 6], "texture": "#1"},
				"down": {"uv": [7, 4, 6, 5], "texture": "#1"}
			}
		},
		{
			"from": [5.75, 2.75, 12],
			"to": [6.5, 2.75, 12.5],
			"rotation": {"angle": -22.5, "axis": "z", "origin": [6.5, 2.75, 12.25]},
			"faces": {
				"north": {"uv": [0, 0, 1, 0], "texture": "#1"},
				"east": {"uv": [0, 0, 0.5, 0], "texture": "#1"},
				"south": {"uv": [0, 0, 1, 0], "texture": "#1"},
				"west": {"uv": [0, 0, 0.5, 0], "texture": "#1"},
				"up": {"uv": [10, 5.5, 9, 5], "texture": "#1"},
				"down": {"uv": [7, 9, 6, 9.5], "texture": "#1"}
			}
		},
		{
			"from": [6, 2.752, 11.75],
			"to": [6.75, 2.752, 12.5],
			"rotation": {"angle": 0, "axis": "y", "origin": [0, -0.25, -2]},
			"faces": {
				"north": {"uv": [0, 0, 1, 0], "texture": "#1"},
				"east": {"uv": [0, 0, 1, 0], "texture": "#1"},
				"south": {"uv": [0, 0, 1, 0], "texture": "#1"},
				"west": {"uv": [0, 0, 1, 0], "texture": "#1"},
				"up": {"uv": [4, 7, 3, 6], "texture": "#1"},
				"down": {"uv": [7, 3, 6, 4], "texture": "#1"}
			}
		},
		{
			"from": [6.25, 2.75, 11.75],
			"to": [6.75, 2.75, 12.5],
			"rotation": {"angle": 22.5, "axis": "x", "origin": [6.25, 2.75, 12.5]},
			"faces": {
				"north": {"uv": [0, 0, 0.5, 0], "texture": "#1"},
				"east": {"uv": [0, 0, 1, 0], "texture": "#1"},
				"south": {"uv": [0, 0, 0.5, 0], "texture": "#1"},
				"west": {"uv": [0, 0, 1, 0], "texture": "#1"},
				"up": {"uv": [9.5, 5, 9, 4], "texture": "#1"},
				"down": {"uv": [5.5, 9, 5, 10], "texture": "#1"}
			}
		},
		{
			"from": [6, 2.752, 15.75],
			"to": [6.75, 2.752, 16.5],
			"rotation": {"angle": 0, "axis": "y", "origin": [6.25, 2.75, 18.5]},
			"faces": {
				"north": {"uv": [0, 0, 1, 0], "texture": "#1"},
				"east": {"uv": [0, 0, 1, 0], "texture": "#1"},
				"south": {"uv": [0, 0, 1, 0], "texture": "#1"},
				"west": {"uv": [0, 0, 1, 0], "texture": "#1"},
				"up": {"uv": [6, 5, 5, 4], "texture": "#1"},
				"down": {"uv": [6, 5, 5, 6], "texture": "#1"}
			}
		},
		{
			"from": [6.25, 2.751, 16],
			"to": [7, 2.751, 16.75],
			"rotation": {"angle": 0, "axis": "y", "origin": [6.25, 2.75, 18.5]},
			"faces": {
				"north": {"uv": [0, 0, 1, 0], "texture": "#1"},
				"east": {"uv": [0, 0, 1, 0], "texture": "#1"},
				"south": {"uv": [0, 0, 1, 0], "texture": "#1"},
				"west": {"uv": [0, 0, 1, 0], "texture": "#1"},
				"up": {"uv": [1, 7, 0, 6], "texture": "#1"},
				"down": {"uv": [7, 0, 6, 1], "texture": "#1"}
			}
		},
		{
			"from": [6, 2.752, 16.25],
			"to": [6.75, 2.752, 17],
			"rotation": {"angle": 0, "axis": "y", "origin": [6.25, 2.75, 18.5]},
			"faces": {
				"north": {"uv": [0, 0, 1, 0], "texture": "#1"},
				"east": {"uv": [0, 0, 1, 0], "texture": "#1"},
				"south": {"uv": [0, 0, 1, 0], "texture": "#1"},
				"west": {"uv": [0, 0, 1, 0], "texture": "#1"},
				"up": {"uv": [2, 7, 1, 6], "texture": "#1"},
				"down": {"uv": [7, 1, 6, 2], "texture": "#1"}
			}
		},
		{
			"from": [5.75, 2.751, 16],
			"to": [6.5, 2.751, 16.75],
			"rotation": {"angle": 0, "axis": "y", "origin": [6.25, 2.75, 18.5]},
			"faces": {
				"north": {"uv": [0, 0, 1, 0], "texture": "#1"},
				"east": {"uv": [0, 0, 1, 0], "texture": "#1"},
				"south": {"uv": [0, 0, 1, 0], "texture": "#1"},
				"west": {"uv": [0, 0, 1, 0], "texture": "#1"},
				"up": {"uv": [6, 4, 5, 3], "texture": "#1"},
				"down": {"uv": [5, 5, 4, 6], "texture": "#1"}
			}
		},
		{
			"from": [5.73097, 2.84567, 16],
			"to": [6.48097, 2.84567, 16.5],
			"rotation": {"angle": -22.5, "axis": "z", "origin": [6.25, 2.75, 18.5]},
			"faces": {
				"north": {"uv": [0, 0, 1, 0], "texture": "#1"},
				"east": {"uv": [0, 0, 0.5, 0], "texture": "#1"},
				"south": {"uv": [0, 0, 1, 0], "texture": "#1"},
				"west": {"uv": [0, 0, 0.5, 0], "texture": "#1"},
				"up": {"uv": [9, 8.5, 8, 8], "texture": "#1"},
				"down": {"uv": [1, 9, 0, 9.5], "texture": "#1"}
			}
		},
		{
			"from": [6, 3.61104, 16.42127],
			"to": [6.5, 3.61104, 17.17127],
			"rotation": {"angle": -22.5, "axis": "x", "origin": [6.25, 2.75, 18.5]},
			"faces": {
				"north": {"uv": [0, 0, 0.5, 0], "texture": "#1"},
				"east": {"uv": [0, 0, 1, 0], "texture": "#1"},
				"south": {"uv": [0, 0, 0.5, 0], "texture": "#1"},
				"west": {"uv": [0, 0, 1, 0], "texture": "#1"},
				"up": {"uv": [9.5, 3, 9, 2], "texture": "#1"},
				"down": {"uv": [3.5, 9, 3, 10], "texture": "#1"}
			}
		},
		{
			"from": [6.25, 2.75, 16.25],
			"to": [6.5, 3, 16.5],
			"rotation": {"angle": 0, "axis": "y", "origin": [7, 2.75, 18.5]},
			"faces": {
				"north": {"uv": [10, 10, 10.5, 10.5], "texture": "#1"},
				"east": {"uv": [0, 11, 0.5, 11.5], "texture": "#1"},
				"south": {"uv": [11, 0, 11.5, 0.5], "texture": "#1"},
				"west": {"uv": [1, 11, 1.5, 11.5], "texture": "#1"},
				"up": {"uv": [11.5, 1.5, 11, 1], "texture": "#1"},
				"down": {"uv": [2.5, 11, 2, 11.5], "texture": "#1"}
			}
		},
		{
			"from": [5.75, 2, 19.5],
			"to": [7.5, 3.75, 19.5],
			"rotation": {"angle": -22.5, "axis": "x", "origin": [6.25, 2, 19.5]},
			"faces": {
				"north": {"uv": [0, 8, 4, 12], "texture": "#0"},
				"east": {"uv": [0, 0, 0, 4], "texture": "#0"},
				"south": {"uv": [8, 0, 12, 4], "texture": "#0"},
				"west": {"uv": [0, 0, 0, 4], "texture": "#0"},
				"up": {"uv": [4, 0, 0, 0], "texture": "#0"},
				"down": {"uv": [4, 0, 0, 0], "texture": "#0"}
			}
		},
		{
			"from": [5.75, -0.5, 19.5],
			"to": [7.5, 1.25, 19.5],
			"rotation": {"angle": 22.5, "axis": "x", "origin": [6.25, 1.25, 19.5]},
			"faces": {
				"north": {"uv": [0, 0, 4, 4], "texture": "#0"},
				"east": {"uv": [0, 0, 0, 4], "texture": "#0"},
				"south": {"uv": [0, 4, 4, 8], "texture": "#0"},
				"west": {"uv": [0, 0, 0, 4], "texture": "#0"},
				"up": {"uv": [4, 0, 0, 0], "texture": "#0"},
				"down": {"uv": [4, 0, 0, 0], "texture": "#0"}
			}
		},
		{
			"from": [6.25, 2.75, 16.25],
			"to": [7, 2.75, 16.75],
			"rotation": {"angle": 22.5, "axis": "z", "origin": [6.25, 2.75, 18.5]},
			"faces": {
				"north": {"uv": [0, 0, 1, 0], "texture": "#1"},
				"east": {"uv": [0, 0, 0.5, 0], "texture": "#1"},
				"south": {"uv": [0, 0, 1, 0], "texture": "#1"},
				"west": {"uv": [0, 0, 0.5, 0], "texture": "#1"},
				"up": {"uv": [10, 1.5, 9, 1], "texture": "#1"},
				"down": {"uv": [3, 9, 2, 9.5], "texture": "#1"}
			}
		},
		{
			"from": [6.25, 1.98463, 15.90224],
			"to": [6.75, 1.98463, 16.65224],
			"rotation": {"angle": 22.5, "axis": "x", "origin": [6.25, 2.75, 18.5]},
			"faces": {
				"north": {"uv": [0, 0, 0.5, 0], "texture": "#1"},
				"east": {"uv": [0, 0, 1, 0], "texture": "#1"},
				"south": {"uv": [0, 0, 0.5, 0], "texture": "#1"},
				"west": {"uv": [0, 0, 1, 0], "texture": "#1"},
				"up": {"uv": [9.5, 1, 9, 0], "texture": "#1"},
				"down": {"uv": [1.5, 9, 1, 10], "texture": "#1"}
			}
		},
		{
			"from": [6.25, 2.751, 12],
			"to": [7, 2.751, 12.75],
			"rotation": {"angle": 0, "axis": "y", "origin": [0, -0.25, -2]},
			"faces": {
				"north": {"uv": [0, 0, 1, 0], "texture": "#1"},
				"east": {"uv": [0, 0, 1, 0], "texture": "#1"},
				"south": {"uv": [0, 0, 1, 0], "texture": "#1"},
				"west": {"uv": [0, 0, 1, 0], "texture": "#1"},
				"up": {"uv": [3, 7, 2, 6], "texture": "#1"},
				"down": {"uv": [7, 2, 6, 3], "texture": "#1"}
			}
		},
		{
			"from": [6.25, 2.75, 12.25],
			"to": [7, 2.75, 12.75],
			"rotation": {"angle": 22.5, "axis": "z", "origin": [6.25, 2.75, 12.25]},
			"faces": {
				"north": {"uv": [0, 0, 1, 0], "texture": "#1"},
				"east": {"uv": [0, 0, 0.5, 0], "texture": "#1"},
				"south": {"uv": [0, 0, 1, 0], "texture": "#1"},
				"west": {"uv": [0, 0, 0.5, 0], "texture": "#1"},
				"up": {"uv": [10, 3.5, 9, 3], "texture": "#1"},
				"down": {"uv": [5, 9, 4, 9.5], "texture": "#1"}
			}
		},
		{
			"from": [6, 2.752, 12.25],
			"to": [6.75, 2.752, 13],
			"rotation": {"angle": 0, "axis": "y", "origin": [0, -0.25, -2]},
			"faces": {
				"north": {"uv": [0, 0, 1, 0], "texture": "#1"},
				"east": {"uv": [0, 0, 1, 0], "texture": "#1"},
				"south": {"uv": [0, 0, 1, 0], "texture": "#1"},
				"west": {"uv": [0, 0, 1, 0], "texture": "#1"},
				"up": {"uv": [6, 7, 5, 6], "texture": "#1"},
				"down": {"uv": [7, 5, 6, 6], "texture": "#1"}
			}
		},
		{
			"from": [6, 2.75, 12.25],
			"to": [6.5, 2.75, 13],
			"rotation": {"angle": -22.5, "axis": "x", "origin": [6.5, 2.75, 12.25]},
			"faces": {
				"north": {"uv": [0, 0, 0.5, 0], "texture": "#1"},
				"east": {"uv": [0, 0, 1, 0], "texture": "#1"},
				"south": {"uv": [0, 0, 0.5, 0], "texture": "#1"},
				"west": {"uv": [0, 0, 1, 0], "texture": "#1"},
				"up": {"uv": [9.5, 7, 9, 6], "texture": "#1"},
				"down": {"uv": [7.5, 9, 7, 10], "texture": "#1"}
			}
		},
		{
			"from": [19.25, 0.25, 9.5],
			"to": [19.75, 2.75, 12.25],
			"rotation": {"angle": -45, "axis": "y", "origin": [0, 0, -2]},
			"faces": {
				"north": {"uv": [7, 5, 7.5, 7.5], "texture": "#4"},
				"east": {"uv": [0, 0, 3, 2.5], "texture": "#4"},
				"south": {"uv": [0, 8, 0.5, 10.5], "texture": "#4"},
				"west": {"uv": [0, 3, 3, 5.5], "texture": "#4"},
				"up": {"uv": [6.5, 5, 6, 2], "texture": "#4"},
				"down": {"uv": [3.5, 6, 3, 9], "texture": "#4"}
			}
		},
		{
			"from": [3.5, 0.5, 21.75],
			"to": [4, 2.5, 24.75],
			"rotation": {"angle": 0, "axis": "y", "origin": [0, 0, -2]},
			"faces": {
				"north": {"uv": [8, 0, 8.5, 2], "texture": "#4"},
				"east": {"uv": [3, 0, 6, 2], "texture": "#4"},
				"south": {"uv": [1, 8, 1.5, 10], "texture": "#4"},
				"west": {"uv": [3, 2, 6, 4], "texture": "#4"},
				"up": {"uv": [4.5, 9, 4, 6], "texture": "#4"},
				"down": {"uv": [5.5, 6, 5, 9], "texture": "#4"}
			}
		},
		{
			"from": [5.43723, 0.9998, 26.48751],
			"to": [5.93723, 1.9998, 28.23751],
			"rotation": {"angle": 45, "axis": "y", "origin": [6, 0, 28]},
			"faces": {
				"north": {"uv": [8, 6, 8.5, 7], "texture": "#4"},
				"east": {"uv": [6, 0, 8, 1], "texture": "#4"},
				"south": {"uv": [7, 8, 7.5, 9], "texture": "#4"},
				"west": {"uv": [6, 1, 8, 2], "texture": "#4"},
				"up": {"uv": [2.5, 10, 2, 8], "texture": "#4"},
				"down": {"uv": [8.5, 2, 8, 4], "texture": "#4"}
			}
		},
		{
			"from": [4.93723, 0.75, 23.98751],
			"to": [5.43723, 2.25, 26.98751],
			"rotation": {"angle": 22.5, "axis": "y", "origin": [6, 0, 28]},
			"faces": {
				"north": {"uv": [8, 4, 8.5, 5.5], "texture": "#4"},
				"east": {"uv": [3, 4, 6, 5.5], "texture": "#4"},
				"south": {"uv": [6, 8, 6.5, 9.5], "texture": "#4"},
				"west": {"uv": [0, 6, 3, 7.5], "texture": "#4"},
				"up": {"uv": [6.5, 8, 6, 5], "texture": "#4"},
				"down": {"uv": [7.5, 2, 7, 5], "texture": "#4"}
			}
		},
		{
			"from": [4.5, 0.75, 19.5],
			"to": [6.25, 2.5, 19.5],
			"rotation": {"angle": -22.5, "axis": "y", "origin": [6.25, 1.5, 19.5]},
			"faces": {
				"north": {"uv": [4, 0, 8, 4], "texture": "#0"},
				"east": {"uv": [0, 0, 0, 4], "texture": "#0"},
				"south": {"uv": [4, 4, 8, 8], "texture": "#0"},
				"west": {"uv": [0, 0, 0, 4], "texture": "#0"},
				"up": {"uv": [4, 0, 0, 0], "texture": "#0"},
				"down": {"uv": [4, 0, 0, 0], "texture": "#0"}
			}
		},
		{
			"from": [7, 0.5, 19.5],
			"to": [8.75, 2.25, 19.5],
			"rotation": {"angle": 22.5, "axis": "y", "origin": [7, 1, 19.5]},
			"faces": {
				"north": {"uv": [4, 8, 8, 12], "texture": "#0"},
				"east": {"uv": [0, 0, 0, 4], "texture": "#0"},
				"south": {"uv": [8, 4, 12, 8], "texture": "#0"},
				"west": {"uv": [0, 0, 0, 4], "texture": "#0"},
				"up": {"uv": [4, 0, 0, 0], "texture": "#0"},
				"down": {"uv": [4, 0, 0, 0], "texture": "#0"}
			}
		},
		{
			"from": [4, 14.75, 13],
			"to": [5, 15.25, 13.5],
			"rotation": {"angle": 45, "axis": "x", "origin": [0, 0, 0]},
			"faces": {
				"north": {"uv": [0, 4, 2, 5], "texture": "#7"},
				"east": {"uv": [10, 0, 11, 1], "texture": "#7"},
				"south": {"uv": [4, 0, 6, 1], "texture": "#7"},
				"west": {"uv": [2, 10, 3, 11], "texture": "#7"},
				"up": {"uv": [4, 5, 2, 4], "texture": "#7"},
				"down": {"uv": [6, 2, 4, 3], "texture": "#7"}
			}
		},
		{
			"from": [8, 14.75, 13],
			"to": [9, 15.25, 13.5],
			"rotation": {"angle": 45, "axis": "x", "origin": [0, 0, 0]},
			"faces": {
				"north": {"uv": [4, 4, 6, 5], "texture": "#7"},
				"east": {"uv": [10, 2, 11, 3], "texture": "#7"},
				"south": {"uv": [0, 6, 2, 7], "texture": "#7"},
				"west": {"uv": [4, 10, 5, 11], "texture": "#7"},
				"up": {"uv": [8, 1, 6, 0], "texture": "#7"},
				"down": {"uv": [4, 6, 2, 7], "texture": "#7"}
			}
		},
		{
			"from": [-9.75, -1, 18.5],
			"to": [-9.25, 0, 19],
			"rotation": {"angle": 45, "axis": "y", "origin": [0, 0, 0]},
			"faces": {
				"north": {"uv": [6, 2, 7, 4], "texture": "#7"},
				"east": {"uv": [4, 6, 5, 8], "texture": "#7"},
				"south": {"uv": [6, 4, 7, 6], "texture": "#7"},
				"west": {"uv": [6, 6, 7, 8], "texture": "#7"},
				"up": {"uv": [11, 5, 10, 4], "texture": "#7"},
				"down": {"uv": [7, 10, 6, 11], "texture": "#7"}
			}
		},
		{
			"from": [-9.75, 3, 18.5],
			"to": [-9.25, 4, 19],
			"rotation": {"angle": 45, "axis": "y", "origin": [0, 0, 0]},
			"faces": {
				"north": {"uv": [0, 0, 1, 2], "texture": "#7"},
				"east": {"uv": [0, 2, 1, 4], "texture": "#7"},
				"south": {"uv": [2, 0, 3, 2], "texture": "#7"},
				"west": {"uv": [2, 2, 3, 4], "texture": "#7"},
				"up": {"uv": [9, 9, 8, 8], "texture": "#7"},
				"down": {"uv": [1, 10, 0, 11], "texture": "#7"}
			}
		},
		{
			"from": [-10, 0.25, 26.75],
			"to": [-9.5, 1.25, 27.25],
			"rotation": {"angle": 45, "axis": "y", "origin": [0, 0, 8]},
			"faces": {
				"north": {"uv": [0, 8, 1, 10], "texture": "#7"},
				"east": {"uv": [8, 0, 9, 2], "texture": "#7"},
				"south": {"uv": [2, 8, 3, 10], "texture": "#7"},
				"west": {"uv": [8, 2, 9, 4], "texture": "#7"},
				"up": {"uv": [11, 7, 10, 6], "texture": "#7"},
				"down": {"uv": [9, 10, 8, 11], "texture": "#7"}
			}
		},
		{
			"from": [-10, 1.75, 26.75],
			"to": [-9.5, 2.75, 27.25],
			"rotation": {"angle": 45, "axis": "y", "origin": [0, 0, 8]},
			"faces": {
				"north": {"uv": [4, 8, 5, 10], "texture": "#7"},
				"east": {"uv": [8, 4, 9, 6], "texture": "#7"},
				"south": {"uv": [6, 8, 7, 10], "texture": "#7"},
				"west": {"uv": [8, 6, 9, 8], "texture": "#7"},
				"up": {"uv": [11, 9, 10, 8], "texture": "#7"},
				"down": {"uv": [11, 10, 10, 11], "texture": "#7"}
			}
		}
	],
	"display": {
		"thirdperson_righthand": {
			"rotation": [90, 0, 90],
			"translation": [-4.5, 8.75, 2],
			"scale": [0.67, 0.67, 0.67]
		},
		"thirdperson_lefthand": {
			"rotation": [90, 0, -90],
			"translation": [4, 8.75, 2],
			"scale": [0.67, 0.67, 0.67]
		},
		"firstperson_righthand": {
			"rotation": [71, 0, 90],
			"translation": [0, 9.5, -4.25],
			"scale": [0.79, 0.79, 0.79]
		},
		"firstperson_lefthand": {
			"rotation": [75, 1, -115],
			"translation": [14, 5.75, -11],
			"scale": [0.85, 0.85, 0.85]
		},
		"ground": {
			"translation": [0, 5.5, 0],
			"scale": [0.5, 0.5, 0.5]
		},
		"gui": {
			"rotation": [-89, 49, 0],
			"translation": [0.75, -0.75, 0],
			"scale": [0.54, 0.54, 0.54]
		},
		"head": {
			"rotation": [43, 0, 90],
			"translation": [-6.75, 12, -10]
		},
		"fixed": {
			"rotation": [180, -27, 43],
			"translation": [-7.75, -7.5, -9.75]
		}
	}
}