{
	"credit": "Made with Blockbench",
	"textures": {
		"pivo_fireyazik": "./pivo_fireyazik"
	},
	"elements": [
		{
			"from": [6, 0, 7],
			"to": [9, 4, 10],
			"rotation": {"angle": 0, "axis": "y", "origin": [8, 0, 8]},
			"faces": {
				"north": {"uv": [0, 0, 3, 4], "texture": "#pivo_fireyazik"},
				"east": {"uv": [3, 0, 6, 4], "texture": "#pivo_fireyazik"},
				"south": {"uv": [0, 4, 3, 8], "texture": "#pivo_fireyazik"},
				"west": {"uv": [3, 4, 6, 8], "texture": "#pivo_fireyazik"},
				"up": {"uv": [9, 3, 6, 0], "texture": "#pivo_fireyazik"},
				"down": {"uv": [9, 3, 6, 6], "texture": "#pivo_fireyazik"}
			}
		},
		{
			"from": [5.86, 2, 6.86],
			"to": [9.16, 5, 10.16],
			"rotation": {"angle": 0, "axis": "y", "origin": [8, 0, 8]},
			"faces": {
				"north": {"uv": [6, 6, 9, 9], "texture": "#pivo_fireyazik"},
				"east": {"uv": [0, 8, 3, 11], "texture": "#pivo_fireyazik"},
				"south": {"uv": [3, 8, 6, 11], "texture": "#pivo_fireyazik"},
				"west": {"uv": [9, 0, 12, 3], "texture": "#pivo_fireyazik"},
				"up": {"uv": [12, 6, 9, 3], "texture": "#pivo_fireyazik"},
				"down": {"uv": [9, 9, 6, 12], "texture": "#pivo_fireyazik"}
			}
		},
		{
			"from": [7, 1, 8],
			"to": [8, 3, 9],
			"rotation": {"angle": -45, "axis": "z", "origin": [8, 0, 8]},
			"faces": {
				"north": {"uv": [8, 12, 9, 14], "texture": "#pivo_fireyazik"},
				"east": {"uv": [12, 8, 13, 10], "texture": "#pivo_fireyazik"},
				"south": {"uv": [9, 12, 10, 14], "texture": "#pivo_fireyazik"},
				"west": {"uv": [10, 12, 11, 14], "texture": "#pivo_fireyazik"},
				"up": {"uv": [5, 14, 4, 13], "texture": "#pivo_fireyazik"},
				"down": {"uv": [6, 13, 5, 14], "texture": "#pivo_fireyazik"}
			}
		},
		{
			"from": [9.5, 2, 8],
			"to": [10.5, 4, 9],
			"rotation": {"angle": 0, "axis": "y", "origin": [8, 0, 8]},
			"faces": {
				"north": {"uv": [12, 10, 13, 12], "texture": "#pivo_fireyazik"},
				"east": {"uv": [11, 12, 12, 14], "texture": "#pivo_fireyazik"},
				"south": {"uv": [12, 12, 13, 14], "texture": "#pivo_fireyazik"},
				"west": {"uv": [0, 13, 1, 15], "texture": "#pivo_fireyazik"},
				"up": {"uv": [14, 6, 13, 5], "texture": "#pivo_fireyazik"},
				"down": {"uv": [7, 13, 6, 14], "texture": "#pivo_fireyazik"}
			}
		},
		{
			"from": [9, 4, 8],
			"to": [10.5, 5, 9],
			"rotation": {"angle": 0, "axis": "y", "origin": [8, 0, 8]},
			"faces": {
				"north": {"uv": [1, 13, 3, 14], "texture": "#pivo_fireyazik"},
				"east": {"uv": [13, 6, 14, 7], "texture": "#pivo_fireyazik"},
				"south": {"uv": [13, 1, 15, 2], "texture": "#pivo_fireyazik"},
				"west": {"uv": [13, 7, 14, 8], "texture": "#pivo_fireyazik"},
				"up": {"uv": [15, 3, 13, 2], "texture": "#pivo_fireyazik"},
				"down": {"uv": [15, 3, 13, 4], "texture": "#pivo_fireyazik"}
			}
		},
		{
			"from": [5.9, 5, 6.9],
			"to": [9.15, 5.45, 7],
			"rotation": {"angle": 0, "axis": "y", "origin": [8, 0, 8]},
			"faces": {
				"north": {"uv": [9, 6, 12, 7], "texture": "#pivo_fireyazik"},
				"east": {"uv": [13, 8, 14, 9], "texture": "#pivo_fireyazik"},
				"south": {"uv": [9, 7, 12, 8], "texture": "#pivo_fireyazik"},
				"west": {"uv": [13, 9, 14, 10], "texture": "#pivo_fireyazik"},
				"up": {"uv": [12, 9, 9, 8], "texture": "#pivo_fireyazik"},
				"down": {"uv": [12, 9, 9, 10], "texture": "#pivo_fireyazik"}
			}
		},
		{
			"from": [5.9, 5, 10],
			"to": [9.15, 5.45, 10.1],
			"rotation": {"angle": 0, "axis": "y", "origin": [8, 0, 8]},
			"faces": {
				"north": {"uv": [9, 10, 12, 11], "texture": "#pivo_fireyazik"},
				"east": {"uv": [13, 10, 14, 11], "texture": "#pivo_fireyazik"},
				"south": {"uv": [0, 11, 3, 12], "texture": "#pivo_fireyazik"},
				"west": {"uv": [13, 11, 14, 12], "texture": "#pivo_fireyazik"},
				"up": {"uv": [6, 12, 3, 11], "texture": "#pivo_fireyazik"},
				"down": {"uv": [12, 11, 9, 12], "texture": "#pivo_fireyazik"}
			}
		},
		{
			"from": [9.05, 5, 7],
			"to": [9.15, 5.45, 10.1],
			"rotation": {"angle": 0, "axis": "y", "origin": [8, 0, 8]},
			"faces": {
				"north": {"uv": [13, 12, 14, 13], "texture": "#pivo_fireyazik"},
				"east": {"uv": [0, 12, 3, 13], "texture": "#pivo_fireyazik"},
				"south": {"uv": [13, 13, 14, 14], "texture": "#pivo_fireyazik"},
				"west": {"uv": [12, 0, 15, 1], "texture": "#pivo_fireyazik"},
				"up": {"uv": [13, 4, 12, 1], "texture": "#pivo_fireyazik"},
				"down": {"uv": [4, 12, 3, 15], "texture": "#pivo_fireyazik"}
			}
		},
		{
			"from": [5.9, 5, 7],
			"to": [6, 5.45, 10],
			"rotation": {"angle": 0, "axis": "y", "origin": [8, 0, 8]},
			"faces": {
				"north": {"uv": [1, 14, 2, 15], "texture": "#pivo_fireyazik"},
				"east": {"uv": [4, 12, 7, 13], "texture": "#pivo_fireyazik"},
				"south": {"uv": [2, 14, 3, 15], "texture": "#pivo_fireyazik"},
				"west": {"uv": [12, 4, 15, 5], "texture": "#pivo_fireyazik"},
				"up": {"uv": [13, 8, 12, 5], "texture": "#pivo_fireyazik"},
				"down": {"uv": [8, 12, 7, 15], "texture": "#pivo_fireyazik"}
			}
		}
	],
	"display": {
		"thirdperson_righthand": {
			"rotation": [0, -90, -68],
			"translation": [0, 3.5, 4]
		},
		"thirdperson_lefthand": {
			"rotation": [0, 90, 68],
			"translation": [0, 3, 2.75]
		},
		"firstperson_righthand": {
			"rotation": [0, -90, 0],
			"translation": [0, 6.75, 2]
		},
		"firstperson_lefthand": {
			"rotation": [0, 90, 0],
			"translation": [-1.25, 8.25, 3.25]
		},
		"ground": {
			"translation": [0, 4, 0]
		},
		"gui": {
			"rotation": [21, -36, 0],
			"translation": [0, 4.25, 0]
		},
		"head": {
			"translation": [0, 22.5, 0],
			"scale": [2, 2, 2]
		},
		"fixed": {
			"rotation": [-90, 0, 0],
			"translation": [0.75, -0.5, -16.25],
			"scale": [2, 2, 2]
		}
	}
}