{
	"credit": "Made with Blockbench",
	"texture_size": [32, 32],
	"textures": {
		"mp40": "./mp40"
	},
	"elements": [
		{
			"from": [5, 1, 6.9],
			"to": [6.6, 3.6, 8.1],
			"rotation": {"angle": -22.5, "axis": "z", "origin": [6, 1, 7]},
			"faces": {
				"north": {"uv": [0, 3, 0.8125, 4.3125], "texture": "#mp40"},
				"east": {"uv": [3, 3, 3.625, 4.3125], "texture": "#mp40"},
				"south": {"uv": [1, 3, 1.8125, 4.3125], "texture": "#mp40"},
				"west": {"uv": [4, 3, 4.625, 4.3125], "texture": "#mp40"},
				"up": {"uv": [6.3125, 2.125, 5.5, 1.5], "texture": "#mp40"},
				"down": {"uv": [3.3125, 5.5, 2.5, 6.125], "texture": "#mp40"}
			}
		},
		{
			"from": [5.4, 3, 7],
			"to": [10.4, 4, 8],
			"rotation": {"angle": 0, "axis": "y", "origin": [9, 1, 8]},
			"faces": {
				"north": {"uv": [0, 0, 2.5, 0.5], "texture": "#mp40"},
				"east": {"uv": [1.5, 4.5, 2, 5], "texture": "#mp40"},
				"south": {"uv": [0, 0.5, 2.5, 1], "texture": "#mp40"},
				"west": {"uv": [2, 6, 2.5, 6.5], "texture": "#mp40"},
				"up": {"uv": [2.5, 1.5, 0, 1], "texture": "#mp40"},
				"down": {"uv": [2.5, 1.5, 0, 2], "texture": "#mp40"}
			}
		},
		{
			"from": [10.4, 4, 7],
			"to": [13, 5, 8],
			"rotation": {"angle": 0, "axis": "y", "origin": [9, 1, 8]},
			"faces": {
				"north": {"uv": [0, 4.5, 1.3125, 5], "texture": "#mp40"},
				"east": {"uv": [6, 6.5, 6.5, 7], "texture": "#mp40"},
				"south": {"uv": [3, 4.5, 4.3125, 5], "texture": "#mp40"},
				"west": {"uv": [6.5, 6.5, 7, 7], "texture": "#mp40"},
				"up": {"uv": [5.8125, 5, 4.5, 4.5], "texture": "#mp40"},
				"down": {"uv": [1.3125, 5, 0, 5.5], "texture": "#mp40"}
			}
		},
		{
			"from": [13, 3.9, 7.3],
			"to": [17, 4.5, 7.9],
			"rotation": {"angle": -45, "axis": "x", "origin": [12.4, 4.2, 7.2]},
			"faces": {
				"north": {"uv": [5, 0, 7, 0.3125], "texture": "#mp40"},
				"east": {"uv": [3.5, 7.5, 3.8125, 7.8125], "texture": "#mp40"},
				"south": {"uv": [5, 0.5, 7, 0.8125], "texture": "#mp40"},
				"west": {"uv": [4, 7.5, 4.3125, 7.8125], "texture": "#mp40"},
				"up": {"uv": [7, 1.3125, 5, 1], "texture": "#mp40"},
				"down": {"uv": [3.5, 5, 1.5, 5.3125], "texture": "#mp40"}
			}
		},
		{
			"from": [10.4, 3, 7.1],
			"to": [12.2, 4, 7.9],
			"rotation": {"angle": 0, "axis": "y", "origin": [9, 1, 8]},
			"faces": {
				"north": {"uv": [0, 6.5, 0.875, 7], "texture": "#mp40"},
				"east": {"uv": [7, 1, 7.375, 1.5], "texture": "#mp40"},
				"south": {"uv": [1, 6.5, 1.875, 7], "texture": "#mp40"},
				"west": {"uv": [2, 7, 2.375, 7.5], "texture": "#mp40"},
				"up": {"uv": [7.375, 1.875, 6.5, 1.5], "texture": "#mp40"},
				"down": {"uv": [2.875, 6.5, 2, 6.875], "texture": "#mp40"}
			}
		},
		{
			"from": [11, 2.4, 7.1],
			"to": [12.2, 3, 7.9],
			"rotation": {"angle": 0, "axis": "y", "origin": [9, 1, 8]},
			"faces": {
				"north": {"uv": [7, 0.5, 7.625, 0.8125], "texture": "#mp40"},
				"east": {"uv": [2.5, 7.5, 2.875, 7.8125], "texture": "#mp40"},
				"south": {"uv": [1, 7, 1.625, 7.3125], "texture": "#mp40"},
				"west": {"uv": [7.5, 2.5, 7.875, 2.8125], "texture": "#mp40"},
				"up": {"uv": [0.625, 7.375, 0, 7], "texture": "#mp40"},
				"down": {"uv": [7.625, 0, 7, 0.375], "texture": "#mp40"}
			}
		},
		{
			"from": [11.1, -1.2, 7.2],
			"to": [12.1, 2.8, 7.8],
			"rotation": {"angle": 0, "axis": "y", "origin": [9, 1, 8]},
			"faces": {
				"north": {"uv": [2, 3, 2.5, 5], "texture": "#mp40"},
				"east": {"uv": [5, 1.5, 5.3125, 3.5], "texture": "#mp40"},
				"south": {"uv": [2.5, 3, 3, 5], "texture": "#mp40"},
				"west": {"uv": [3.5, 5, 3.8125, 7], "texture": "#mp40"},
				"up": {"uv": [4.5, 7.3125, 4, 7], "texture": "#mp40"},
				"down": {"uv": [5, 7, 4.5, 7.3125], "texture": "#mp40"}
			}
		},
		{
			"from": [17, 4.3, 7.12],
			"to": [18.6, 4.94, 7.76],
			"rotation": {"angle": 45, "axis": "x", "origin": [17, 4.5, 7.3]},
			"faces": {
				"north": {"uv": [6.5, 3, 7.3125, 3.3125], "texture": "#mp40"},
				"east": {"uv": [7.5, 4, 7.8125, 4.3125], "texture": "#mp40"},
				"south": {"uv": [4, 6.5, 4.8125, 6.8125], "texture": "#mp40"},
				"west": {"uv": [4.5, 7.5, 4.8125, 7.8125], "texture": "#mp40"},
				"up": {"uv": [5.8125, 6.8125, 5, 6.5], "texture": "#mp40"},
				"down": {"uv": [7.3125, 5, 6.5, 5.3125], "texture": "#mp40"}
			}
		},
		{
			"from": [17.7, 4.5, 7.24],
			"to": [18.3, 5, 7.74],
			"rotation": {"angle": 0, "axis": "y", "origin": [9, 0.8, 8.1]},
			"faces": {
				"north": {"uv": [5, 7.5, 5.3125, 7.75], "texture": "#mp40"},
				"east": {"uv": [6.5, 7.5, 6.75, 7.75], "texture": "#mp40"},
				"south": {"uv": [7.5, 5, 7.8125, 5.25], "texture": "#mp40"},
				"west": {"uv": [7, 7.5, 7.25, 7.75], "texture": "#mp40"},
				"up": {"uv": [5.8125, 7.75, 5.5, 7.5], "texture": "#mp40"},
				"down": {"uv": [6.3125, 7.5, 6, 7.75], "texture": "#mp40"}
			}
		},
		{
			"from": [17.8, 5.3, 7.64],
			"to": [18.2, 5.8, 8.14],
			"rotation": {"angle": 45, "axis": "x", "origin": [18, 5.8, 7.1]},
			"faces": {
				"north": {"uv": [1.5, 8, 1.6875, 8.25], "texture": "#mp40"},
				"east": {"uv": [7.5, 7, 7.75, 7.25], "texture": "#mp40"},
				"south": {"uv": [8, 1.5, 8.1875, 1.75], "texture": "#mp40"},
				"west": {"uv": [7.5, 7.5, 7.75, 7.75], "texture": "#mp40"},
				"up": {"uv": [2.1875, 8.25, 2, 8], "texture": "#mp40"},
				"down": {"uv": [8.1875, 2, 8, 2.25], "texture": "#mp40"}
			}
		},
		{
			"from": [7.2, 2.3, 7.1],
			"to": [8.2, 2.4, 7.9],
			"faces": {
				"north": {"uv": [8, 5, 8.5, 5.0625], "texture": "#mp40"},
				"east": {"uv": [8.5, 0, 8.875, 0.0625], "texture": "#mp40"},
				"south": {"uv": [5.5, 8, 6, 8.0625], "texture": "#mp40"},
				"west": {"uv": [0.5, 8.5, 0.875, 8.5625], "texture": "#mp40"},
				"up": {"uv": [7.5, 2.375, 7, 2], "texture": "#mp40"},
				"down": {"uv": [3, 7, 2.5, 7.375], "texture": "#mp40"}
			}
		},
		{
			"from": [8.4, 2.5, 7.1],
			"to": [8.5, 3.5, 7.9],
			"rotation": {"angle": -22.5, "axis": "z", "origin": [8, 3, 8]},
			"faces": {
				"north": {"uv": [6, 8, 6.0625, 8.5], "texture": "#mp40"},
				"east": {"uv": [7, 2.5, 7.375, 3], "texture": "#mp40"},
				"south": {"uv": [6.5, 8, 6.5625, 8.5], "texture": "#mp40"},
				"west": {"uv": [3.5, 7, 3.875, 7.5], "texture": "#mp40"},
				"up": {"uv": [8.5625, 0.875, 8.5, 0.5], "texture": "#mp40"},
				"down": {"uv": [1.0625, 8.5, 1, 8.875], "texture": "#mp40"}
			}
		},
		{
			"from": [7.2, 2.3, 7.5],
			"to": [8.2, 3.4, 7.5],
			"faces": {
				"north": {"uv": [6.5, 2, 7, 2.5625], "texture": "#mp40"},
				"east": {"uv": [0, 0, 0, 0.5625], "texture": "#mp40"},
				"south": {"uv": [3, 6.5, 3.5, 7.0625], "texture": "#mp40"},
				"west": {"uv": [0, 0, 0, 0.5625], "texture": "#mp40"},
				"up": {"uv": [0.5, 0, 0, 0], "texture": "#mp40"},
				"down": {"uv": [0.5, 0, 0, 0], "texture": "#mp40"}
			}
		},
		{
			"from": [5.4, 4, 7.5],
			"to": [10.4, 5, 8],
			"rotation": {"angle": 0, "axis": "y", "origin": [9, 1, 8]},
			"faces": {
				"north": {"uv": [0, 2, 2.5, 2.5], "texture": "#mp40"},
				"east": {"uv": [1, 7.5, 1.25, 8], "texture": "#mp40"},
				"south": {"uv": [0, 2.5, 2.5, 3], "texture": "#mp40"},
				"west": {"uv": [7.5, 1, 7.75, 1.5], "texture": "#mp40"},
				"up": {"uv": [7.5, 3.75, 5, 3.5], "texture": "#mp40"},
				"down": {"uv": [6.5, 5, 4, 5.25], "texture": "#mp40"}
			}
		},
		{
			"from": [5.4, 4, 7],
			"to": [10.4, 5, 7.5],
			"rotation": {"angle": 0, "axis": "y", "origin": [9, 1, 8]},
			"faces": {
				"north": {"uv": [2.5, 0, 5, 0.5], "texture": "#mp40"},
				"east": {"uv": [1.5, 7.5, 1.75, 8], "texture": "#mp40"},
				"south": {"uv": [2.5, 0.5, 5, 1], "texture": "#mp40"},
				"west": {"uv": [7.5, 1.5, 7.75, 2], "texture": "#mp40"},
				"up": {"uv": [7.5, 4.25, 5, 4], "texture": "#mp40"},
				"down": {"uv": [2.5, 5.5, 0, 5.75], "texture": "#mp40"}
			}
		},
		{
			"from": [6.3, 4, 7.2],
			"to": [10.3, 4.5, 7.7],
			"faces": {
				"north": {"uv": [5, 5.5, 7, 5.75], "texture": "#mp40"},
				"east": {"uv": [8, 0, 8.25, 0.25], "texture": "#mp40"},
				"south": {"uv": [0, 6, 2, 6.25], "texture": "#mp40"},
				"west": {"uv": [8, 0.5, 8.25, 0.75], "texture": "#mp40"},
				"up": {"uv": [8, 4.75, 6, 4.5], "texture": "#mp40"},
				"down": {"uv": [7, 6, 5, 6.25], "texture": "#mp40"}
			}
		},
		{
			"from": [9.8, 4.1, 6.8],
			"to": [10.2, 4.5, 7.2],
			"faces": {
				"north": {"uv": [8, 3.5, 8.1875, 3.6875], "texture": "#mp40"},
				"east": {"uv": [4, 8, 4.1875, 8.1875], "texture": "#mp40"},
				"south": {"uv": [8, 4, 8.1875, 4.1875], "texture": "#mp40"},
				"west": {"uv": [4.5, 8, 4.6875, 8.1875], "texture": "#mp40"},
				"up": {"uv": [8.1875, 4.6875, 8, 4.5], "texture": "#mp40"},
				"down": {"uv": [5.1875, 8, 5, 8.1875], "texture": "#mp40"}
			}
		},
		{
			"from": [9.75, 4.05, 6.4],
			"to": [10.25, 4.55, 6.8],
			"faces": {
				"north": {"uv": [1, 8, 1.25, 8.25], "texture": "#mp40"},
				"east": {"uv": [2.5, 8, 2.6875, 8.25], "texture": "#mp40"},
				"south": {"uv": [8, 1, 8.25, 1.25], "texture": "#mp40"},
				"west": {"uv": [8, 2.5, 8.1875, 2.75], "texture": "#mp40"},
				"up": {"uv": [8.25, 3.1875, 8, 3], "texture": "#mp40"},
				"down": {"uv": [3.75, 8, 3.5, 8.1875], "texture": "#mp40"}
			}
		},
		{
			"from": [0.9, 3.6, 8],
			"to": [5.9, 4.6, 8.05],
			"faces": {
				"north": {"uv": [2.5, 2, 5, 2.5], "texture": "#mp40"},
				"east": {"uv": [7, 8, 7.0625, 8.5], "texture": "#mp40"},
				"south": {"uv": [5, 2, 2.5, 2.5], "texture": "#mp40"},
				"west": {"uv": [8, 7, 8.0625, 7.5], "texture": "#mp40"},
				"up": {"uv": [7.5, 7.0625, 5, 7], "texture": "#mp40"},
				"down": {"uv": [9.5, 5.5, 7, 5.5625], "texture": "#mp40"}
			}
		},
		{
			"from": [0.5, 3.1, 6.9],
			"to": [0.9, 4.7, 8.1],
			"faces": {
				"north": {"uv": [0, 7.5, 0.1875, 8.3125], "texture": "#mp40"},
				"east": {"uv": [5.5, 2.5, 6.125, 3.3125], "texture": "#mp40"},
				"south": {"uv": [0.5, 7.5, 0.6875, 8.3125], "texture": "#mp40"},
				"west": {"uv": [4, 5.5, 4.625, 6.3125], "texture": "#mp40"},
				"up": {"uv": [3.1875, 8.125, 3, 7.5], "texture": "#mp40"},
				"down": {"uv": [7.6875, 3, 7.5, 3.625], "texture": "#mp40"}
			}
		},
		{
			"from": [0.9, 3.6, 6.95],
			"to": [5.9, 4.6, 7],
			"faces": {
				"north": {"uv": [2.5, 2, 5, 2.5], "texture": "#mp40"},
				"east": {"uv": [8, 8, 8.0625, 8.5], "texture": "#mp40"},
				"south": {"uv": [5, 2, 2.5, 2.5], "texture": "#mp40"},
				"west": {"uv": [0, 8.5, 0.0625, 9], "texture": "#mp40"},
				"up": {"uv": [9.5, 6.0625, 7, 6], "texture": "#mp40"},
				"down": {"uv": [9.5, 6.5, 7, 6.5625], "texture": "#mp40"}
			}
		},
		{
			"from": [8.5, 5.1, 7.25],
			"to": [8.6, 5.2, 7.45],
			"faces": {
				"north": {"uv": [8.5, 4.5, 8.5625, 4.5625], "texture": "#mp40"},
				"east": {"uv": [8.5, 2.5, 8.625, 2.5625], "texture": "#mp40"},
				"south": {"uv": [5, 8.5, 5.0625, 8.5625], "texture": "#mp40"},
				"west": {"uv": [3, 8.5, 3.125, 8.5625], "texture": "#mp40"},
				"up": {"uv": [8.5625, 3.125, 8.5, 3], "texture": "#mp40"},
				"down": {"uv": [3.5625, 8.5, 3.5, 8.625], "texture": "#mp40"}
			}
		},
		{
			"from": [8.3, 5, 7.25],
			"to": [9.3, 5.1, 7.75],
			"faces": {
				"north": {"uv": [7.5, 8, 8, 8.0625], "texture": "#mp40"},
				"east": {"uv": [8.5, 1, 8.75, 1.0625], "texture": "#mp40"},
				"south": {"uv": [8, 7.5, 8.5, 7.5625], "texture": "#mp40"},
				"west": {"uv": [1.5, 8.5, 1.75, 8.5625], "texture": "#mp40"},
				"up": {"uv": [2.5, 7.75, 2, 7.5], "texture": "#mp40"},
				"down": {"uv": [8, 2, 7.5, 2.25], "texture": "#mp40"}
			}
		},
		{
			"from": [8.5, 5.1, 7.55],
			"to": [8.6, 5.2, 7.75],
			"faces": {
				"north": {"uv": [8.5, 5, 8.5625, 5.0625], "texture": "#mp40"},
				"east": {"uv": [8.5, 3.5, 8.625, 3.5625], "texture": "#mp40"},
				"south": {"uv": [5.5, 8.5, 5.5625, 8.5625], "texture": "#mp40"},
				"west": {"uv": [4, 8.5, 4.125, 8.5625], "texture": "#mp40"},
				"up": {"uv": [8.5625, 4.125, 8.5, 4], "texture": "#mp40"},
				"down": {"uv": [4.5625, 8.5, 4.5, 8.625], "texture": "#mp40"}
			}
		},
		{
			"from": [8.9, 5.1, 7.25],
			"to": [8.95, 5.2, 7.75],
			"faces": {
				"north": {"uv": [6, 8.5, 6.0625, 8.5625], "texture": "#mp40"},
				"east": {"uv": [8.5, 1.5, 8.75, 1.5625], "texture": "#mp40"},
				"south": {"uv": [6.5, 8.5, 6.5625, 8.5625], "texture": "#mp40"},
				"west": {"uv": [2, 8.5, 2.25, 8.5625], "texture": "#mp40"},
				"up": {"uv": [8.5625, 2.25, 8.5, 2], "texture": "#mp40"},
				"down": {"uv": [2.5625, 8.5, 2.5, 8.75], "texture": "#mp40"}
			}
		}
	],
	"display": {
		"thirdperson_righthand": {
			"rotation": [0, 90, 0],
			"translation": [0, 5, -0.5]
		},
		"thirdperson_lefthand": {
			"rotation": [0, -90, 0],
			"translation": [-1, 5, -0.5]
		},
		"firstperson_righthand": {
			"rotation": [0, 90, 0],
			"translation": [-1.5, 11.25, 2],
			"scale": [2, 2, 2]
		},
		"firstperson_lefthand": {
			"rotation": [0, -90, 0],
			"translation": [-1.5, 11.25, 2],
			"scale": [2, 2, 2]
		},
		"ground": {
			"translation": [0, 9.5, 1],
			"scale": [1.5, 1.5, 1.5]
		},
		"gui": {
			"rotation": [30, 180, 31],
			"translation": [4.5, 3.75, 0],
			"scale": [1.2, 1.2, 1.2]
		},
		"head": {
			"rotation": [90, 0, -30],
			"translation": [0.75, 7, 8.25],
			"scale": [1.5, 1.5, 1.5]
		},
		"fixed": {
			"translation": [-2.75, 12.25, -0.25],
			"scale": [2, 2, 2]
		}
	},
	"groups": [
		0,
		1,
		2,
		3,
		4,
		5,
		6,
		7,
		8,
		9,
		10,
		11,
		12,
		13,
		14,
		{
			"name": "group",
			"origin": [0, 0, 0],
			"color": 0,
			"nbt": "{}",
			"children": [15, 16, 17]
		},
		{
			"name": "group",
			"origin": [8, 8, 8],
			"color": 0,
			"nbt": "{}",
			"children": [18, 19, 20]
		},
		{
			"name": "group",
			"origin": [0, 0, 0],
			"color": 0,
			"nbt": "{}",
			"children": [21, 22, 23, 24]
		}
	]
}