{
	"credit": "Made with Blockbench",
	"textures": {
		"0": "./c96"
	},
	"elements": [
		{
			"from": [0.9, 3, 8.9],
			"to": [2.9, 7, 10.1],
			"rotation": {"angle": -22.5, "axis": "z", "origin": [0.9, 3, 7.9]},
			"faces": {
				"north": {"uv": [2, 0, 3, 2], "texture": "#0"},
				"east": {"uv": [1.5, 3, 2, 5], "texture": "#0"},
				"south": {"uv": [2, 2, 3, 4], "texture": "#0"},
				"west": {"uv": [2, 4, 2.5, 6], "texture": "#0"},
				"up": {"uv": [4, 6, 3, 5.5], "texture": "#0"},
				"down": {"uv": [7, 4.5, 6, 5], "texture": "#0"}
			}
		},
		{
			"from": [1.9, 5, 9],
			"to": [4.3, 8, 10],
			"rotation": {"angle": 0, "axis": "y", "origin": [2.9, 5, 9]},
			"faces": {
				"north": {"uv": [0, 3, 1.25, 4.5], "texture": "#0"},
				"east": {"uv": [4.5, 0, 5, 1.5], "texture": "#0"},
				"south": {"uv": [3, 0, 4.25, 1.5], "texture": "#0"},
				"west": {"uv": [0.5, 4.5, 1, 6], "texture": "#0"},
				"up": {"uv": [7.25, 4, 6, 3.5], "texture": "#0"},
				"down": {"uv": [7.25, 4, 6, 4.5], "texture": "#0"}
			}
		},
		{
			"from": [3, 6.3, 9],
			"to": [7, 9.3, 10],
			"rotation": {"angle": 0, "axis": "y", "origin": [3, 6.3, 8]},
			"faces": {
				"north": {"uv": [0, 0, 2, 1.5], "texture": "#0"},
				"east": {"uv": [1, 4.5, 1.5, 6], "texture": "#0"},
				"south": {"uv": [0, 1.5, 2, 3], "texture": "#0"},
				"west": {"uv": [4, 4.5, 4.5, 6], "texture": "#0"},
				"up": {"uv": [6, 4, 4, 3.5], "texture": "#0"},
				"down": {"uv": [6, 4, 4, 4.5], "texture": "#0"}
			}
		},
		{
			"from": [7, 5, 9],
			"to": [9, 8.6, 10],
			"rotation": {"angle": 0, "axis": "y", "origin": [7, 5, 8]},
			"faces": {
				"north": {"uv": [3, 1.5, 4, 3.25], "texture": "#0"},
				"east": {"uv": [2.5, 4, 3, 5.75], "texture": "#0"},
				"south": {"uv": [3, 3.5, 4, 5.25], "texture": "#0"},
				"west": {"uv": [0, 4.5, 0.5, 6.25], "texture": "#0"},
				"up": {"uv": [1, 7, 0, 6.5], "texture": "#0"},
				"down": {"uv": [7.5, 0, 6.5, 0.5], "texture": "#0"}
			}
		},
		{
			"from": [5.6, 5, 9.1],
			"to": [7, 5.3, 9.9],
			"rotation": {"angle": 0, "axis": "y", "origin": [5.6, 5, 8.1]},
			"faces": {
				"north": {"uv": [4.5, 7, 5.25, 7.25], "texture": "#0"},
				"east": {"uv": [0, 7.5, 0.5, 7.75], "texture": "#0"},
				"south": {"uv": [7, 4.5, 7.75, 4.75], "texture": "#0"},
				"west": {"uv": [7.5, 0, 8, 0.25], "texture": "#0"},
				"up": {"uv": [7.25, 1.5, 6.5, 1], "texture": "#0"},
				"down": {"uv": [2.75, 6.5, 2, 7], "texture": "#0"}
			}
		},
		{
			"from": [4.9, 5.7, 9.1],
			"to": [5.9, 6, 9.9],
			"rotation": {"angle": -45, "axis": "z", "origin": [4.9, 5.7, 8.1]},
			"faces": {
				"north": {"uv": [0.5, 7.5, 1, 7.75], "texture": "#0"},
				"east": {"uv": [7.5, 0.5, 8, 0.75], "texture": "#0"},
				"south": {"uv": [1, 7.5, 1.5, 7.75], "texture": "#0"},
				"west": {"uv": [7.5, 1, 8, 1.25], "texture": "#0"},
				"up": {"uv": [2, 5.5, 1.5, 5], "texture": "#0"},
				"down": {"uv": [2, 5.5, 1.5, 6], "texture": "#0"}
			}
		},
		{
			"from": [4.5, 5.6, 9.1],
			"to": [4.8, 6.3, 9.9],
			"rotation": {"angle": 22.5, "axis": "z", "origin": [4.5, 6.6, 8.1]},
			"faces": {
				"north": {"uv": [2, 8, 2.25, 8.25], "texture": "#0"},
				"east": {"uv": [1.5, 7.5, 2, 7.75], "texture": "#0"},
				"south": {"uv": [8, 2, 8.25, 2.25], "texture": "#0"},
				"west": {"uv": [7.5, 1.5, 8, 1.75], "texture": "#0"},
				"up": {"uv": [2.25, 8, 2, 7.5], "texture": "#0"},
				"down": {"uv": [7.75, 2, 7.5, 2.5], "texture": "#0"}
			}
		},
		{
			"from": [9, 8.1, 9],
			"to": [10, 9.2, 10],
			"rotation": {"angle": 0, "axis": "y", "origin": [9, 8.1, 8]},
			"faces": {
				"north": {"uv": [0, 7, 0.5, 7.5], "texture": "#0"},
				"east": {"uv": [0.5, 7, 1, 7.5], "texture": "#0"},
				"south": {"uv": [1, 7, 1.5, 7.5], "texture": "#0"},
				"west": {"uv": [1.5, 7, 2, 7.5], "texture": "#0"},
				"up": {"uv": [7.5, 2, 7, 1.5], "texture": "#0"},
				"down": {"uv": [2.5, 7, 2, 7.5], "texture": "#0"}
			}
		},
		{
			"from": [6, 8.1, 8.9],
			"to": [9, 9.1, 9.2],
			"rotation": {"angle": 0, "axis": "y", "origin": [7, 8.1, 7.9]},
			"faces": {
				"north": {"uv": [4.5, 4.5, 6, 5], "texture": "#0"},
				"east": {"uv": [2.5, 7.5, 2.75, 8], "texture": "#0"},
				"south": {"uv": [5, 0, 6.5, 0.5], "texture": "#0"},
				"west": {"uv": [7.5, 2.5, 7.75, 3], "texture": "#0"},
				"up": {"uv": [4.5, 6.75, 3, 6.5], "texture": "#0"},
				"down": {"uv": [6, 6.5, 4.5, 6.75], "texture": "#0"}
			}
		},
		{
			"from": [6, 8.1, 9.8],
			"to": [9, 9.1, 10.1],
			"rotation": {"angle": 0, "axis": "y", "origin": [7, 8.1, 8.8]},
			"faces": {
				"north": {"uv": [5, 0.5, 6.5, 1], "texture": "#0"},
				"east": {"uv": [3, 7.5, 3.25, 8], "texture": "#0"},
				"south": {"uv": [5, 1, 6.5, 1.5], "texture": "#0"},
				"west": {"uv": [3.5, 7.5, 3.75, 8], "texture": "#0"},
				"up": {"uv": [7.5, 6.75, 6, 6.5], "texture": "#0"},
				"down": {"uv": [8, 6, 6.5, 6.25], "texture": "#0"}
			}
		},
		{
			"from": [9.2, 7.4, 9.8],
			"to": [15.2, 8.1, 10.5],
			"rotation": {"angle": -45, "axis": "x", "origin": [10.2, 7.4, 8.8]},
			"faces": {
				"north": {"uv": [4.5, 5, 7.5, 5.25], "texture": "#0"},
				"east": {"uv": [2.5, 8, 2.75, 8.25], "texture": "#0"},
				"south": {"uv": [4.5, 5.5, 7.5, 5.75], "texture": "#0"},
				"west": {"uv": [8, 2.5, 8.25, 2.75], "texture": "#0"},
				"up": {"uv": [3.5, 6.25, 0.5, 6], "texture": "#0"},
				"down": {"uv": [6.5, 6, 3.5, 6.25], "texture": "#0"}
			}
		},
		{
			"from": [2.9, 8.2, 9.1],
			"to": [9, 9.2, 9.9],
			"rotation": {"angle": 0, "axis": "y", "origin": [6.9, 8.2, 8.1]},
			"faces": {
				"north": {"uv": [4, 1.5, 7, 2], "texture": "#0"},
				"east": {"uv": [7, 2, 7.5, 2.5], "texture": "#0"},
				"south": {"uv": [4, 2, 7, 2.5], "texture": "#0"},
				"west": {"uv": [2.5, 7, 3, 7.5], "texture": "#0"},
				"up": {"uv": [7, 3, 4, 2.5], "texture": "#0"},
				"down": {"uv": [7, 3, 4, 3.5], "texture": "#0"}
			}
		},
		{
			"from": [2.5, 8.2, 8.9],
			"to": [2.9, 9.2, 10.1],
			"rotation": {"angle": 0, "axis": "y", "origin": [1.5, 8.2, 7.9]},
			"faces": {
				"north": {"uv": [7.5, 3.5, 7.75, 4], "texture": "#0"},
				"east": {"uv": [7, 2.5, 7.5, 3], "texture": "#0"},
				"south": {"uv": [4, 7.5, 4.25, 8], "texture": "#0"},
				"west": {"uv": [3, 7, 3.5, 7.5], "texture": "#0"},
				"up": {"uv": [7.75, 4.5, 7.5, 4], "texture": "#0"},
				"down": {"uv": [4.75, 7.5, 4.5, 8], "texture": "#0"}
			}
		},
		{
			"from": [1.9, 8, 9.2],
			"to": [2.5, 9.4, 9.8],
			"rotation": {"angle": 0, "axis": "y", "origin": [0.9, 8, 8.2]},
			"faces": {
				"north": {"uv": [5.5, 7, 5.75, 7.75], "texture": "#0"},
				"east": {"uv": [6, 7, 6.25, 7.75], "texture": "#0"},
				"south": {"uv": [6.5, 7, 6.75, 7.75], "texture": "#0"},
				"west": {"uv": [7, 7, 7.25, 7.75], "texture": "#0"},
				"up": {"uv": [3.25, 8.25, 3, 8], "texture": "#0"},
				"down": {"uv": [8.25, 3, 8, 3.25], "texture": "#0"}
			}
		},
		{
			"from": [1.6, 8.8, 9.2],
			"to": [2.2, 9.4, 9.8],
			"rotation": {"angle": 0, "axis": "y", "origin": [0.6, 8.8, 8.2]},
			"faces": {
				"north": {"uv": [3.5, 8, 3.75, 8.25], "texture": "#0"},
				"east": {"uv": [8, 3.5, 8.25, 3.75], "texture": "#0"},
				"south": {"uv": [4, 8, 4.25, 8.25], "texture": "#0"},
				"west": {"uv": [8, 4, 8.25, 4.25], "texture": "#0"},
				"up": {"uv": [4.75, 8.25, 4.5, 8], "texture": "#0"},
				"down": {"uv": [8.25, 4.5, 8, 4.75], "texture": "#0"}
			}
		},
		{
			"from": [4, 9.3, 9.1],
			"to": [6, 9.4, 9.9],
			"rotation": {"angle": 0, "axis": "z", "origin": [4, 9.3, 8.1]},
			"faces": {
				"north": {"uv": [7, 3, 8, 3.25], "texture": "#0"},
				"east": {"uv": [5, 7.5, 5.5, 7.75], "texture": "#0"},
				"south": {"uv": [3.5, 7, 4.5, 7.25], "texture": "#0"},
				"west": {"uv": [7.5, 5, 8, 5.25], "texture": "#0"},
				"up": {"uv": [7.5, 1, 6.5, 0.5], "texture": "#0"},
				"down": {"uv": [2, 6.5, 1, 7], "texture": "#0"}
			}
		},
		{
			"from": [5.7, 9.3, 8.9],
			"to": [6.1, 9.7, 9.3],
			"rotation": {"angle": 0, "axis": "y", "origin": [5.7, 9.3, 8.9]},
			"faces": {
				"north": {"uv": [5, 8, 5.25, 8.25], "texture": "#0"},
				"east": {"uv": [8, 5, 8.25, 5.25], "texture": "#0"},
				"south": {"uv": [5.5, 8, 5.75, 8.25], "texture": "#0"},
				"west": {"uv": [8, 5.5, 8.25, 5.75], "texture": "#0"},
				"up": {"uv": [6.25, 8.25, 6, 8], "texture": "#0"},
				"down": {"uv": [8.25, 6, 8, 6.25], "texture": "#0"}
			}
		},
		{
			"from": [5.7, 9.3, 9.7],
			"to": [6.1, 9.7, 10.1],
			"rotation": {"angle": 0, "axis": "y", "origin": [5.7, 9.3, 9.7]},
			"faces": {
				"north": {"uv": [6.5, 8, 6.75, 8.25], "texture": "#0"},
				"east": {"uv": [8, 6.5, 8.25, 6.75], "texture": "#0"},
				"south": {"uv": [7, 8, 7.25, 8.25], "texture": "#0"},
				"west": {"uv": [8, 7, 8.25, 7.25], "texture": "#0"},
				"up": {"uv": [7.75, 8.25, 7.5, 8], "texture": "#0"},
				"down": {"uv": [8.25, 7.5, 8, 7.75], "texture": "#0"}
			}
		},
		{
			"from": [3.9, 9.3, 9],
			"to": [4.25, 9.45, 10],
			"rotation": {"angle": 0, "axis": "y", "origin": [2.9, 9.3, 8]},
			"faces": {
				"north": {"uv": [8, 8, 8.25, 8.25], "texture": "#0"},
				"east": {"uv": [7.5, 5.5, 8, 5.75], "texture": "#0"},
				"south": {"uv": [0, 8.5, 0.25, 8.75], "texture": "#0"},
				"west": {"uv": [7.5, 6.5, 8, 6.75], "texture": "#0"},
				"up": {"uv": [7.75, 7.5, 7.5, 7], "texture": "#0"},
				"down": {"uv": [7.75, 7.5, 7.5, 8], "texture": "#0"}
			}
		},
		{
			"from": [3.65, 9.391, 9.05],
			"to": [3.95, 9.591, 9.95],
			"rotation": {"angle": -22.5, "axis": "z", "origin": [3.6, 9.4, 9.5]},
			"faces": {
				"north": {"uv": [8.5, 0, 8.75, 0.25], "texture": "#0"},
				"east": {"uv": [0, 8, 0.5, 8.25], "texture": "#0"},
				"south": {"uv": [0.5, 8.5, 0.75, 8.75], "texture": "#0"},
				"west": {"uv": [8, 0, 8.5, 0.25], "texture": "#0"},
				"up": {"uv": [0.75, 8.5, 0.5, 8], "texture": "#0"},
				"down": {"uv": [8.25, 0.5, 8, 1], "texture": "#0"}
			}
		},
		{
			"from": [3.55, 9.591, 9.05],
			"to": [3.85, 9.791, 9.35],
			"rotation": {"angle": -45, "axis": "z", "origin": [3.5, 9.6, 9.5]},
			"faces": {
				"north": {"uv": [8.5, 0.5, 8.75, 0.75], "texture": "#0"},
				"east": {"uv": [1, 8.5, 1.25, 8.75], "texture": "#0"},
				"south": {"uv": [8.5, 1, 8.75, 1.25], "texture": "#0"},
				"west": {"uv": [1.5, 8.5, 1.75, 8.75], "texture": "#0"},
				"up": {"uv": [8.75, 1.75, 8.5, 1.5], "texture": "#0"},
				"down": {"uv": [2.25, 8.5, 2, 8.75], "texture": "#0"}
			}
		},
		{
			"from": [3.55, 9.591, 9.65],
			"to": [3.85, 9.791, 9.95],
			"rotation": {"angle": -45, "axis": "z", "origin": [3.5, 9.6, 10.1]},
			"faces": {
				"north": {"uv": [8.5, 2, 8.75, 2.25], "texture": "#0"},
				"east": {"uv": [2.5, 8.5, 2.75, 8.75], "texture": "#0"},
				"south": {"uv": [8.5, 2.5, 8.75, 2.75], "texture": "#0"},
				"west": {"uv": [3, 8.5, 3.25, 8.75], "texture": "#0"},
				"up": {"uv": [8.75, 3.25, 8.5, 3], "texture": "#0"},
				"down": {"uv": [3.75, 8.5, 3.5, 8.75], "texture": "#0"}
			}
		},
		{
			"from": [14.5, 9, 9.4],
			"to": [15.1, 9.5, 9.6],
			"rotation": {"angle": 0, "axis": "y", "origin": [14.5, 9, 8.4]},
			"faces": {
				"north": {"uv": [8.5, 3.5, 8.75, 3.75], "texture": "#0"},
				"east": {"uv": [4, 8.5, 4.25, 8.75], "texture": "#0"},
				"south": {"uv": [8.5, 4, 8.75, 4.25], "texture": "#0"},
				"west": {"uv": [4.5, 8.5, 4.75, 8.75], "texture": "#0"},
				"up": {"uv": [8.75, 4.75, 8.5, 4.5], "texture": "#0"},
				"down": {"uv": [5.25, 8.5, 5, 8.75], "texture": "#0"}
			}
		},
		{
			"from": [2.6, 7.8, 9.1],
			"to": [3, 8.2, 9.9],
			"rotation": {"angle": 0, "axis": "y", "origin": [1.6, 7.8, 8.1]},
			"faces": {
				"north": {"uv": [8.5, 5, 8.75, 5.25], "texture": "#0"},
				"east": {"uv": [1, 8, 1.5, 8.25], "texture": "#0"},
				"south": {"uv": [5.5, 8.5, 5.75, 8.75], "texture": "#0"},
				"west": {"uv": [8, 1, 8.5, 1.25], "texture": "#0"},
				"up": {"uv": [1.75, 8.5, 1.5, 8], "texture": "#0"},
				"down": {"uv": [8.25, 1.5, 8, 2], "texture": "#0"}
			}
		},
		{
			"from": [5, 5, 9.5],
			"to": [7, 7, 9.5],
			"rotation": {"angle": 0, "axis": "y", "origin": [5, 5, 9.5]},
			"faces": {
				"north": {"uv": [0, 15, 1, 16], "texture": "#0"},
				"east": {"uv": [0, 0, 0, 1], "texture": "#0"},
				"south": {"uv": [15, 15, 16, 16], "texture": "#0"},
				"west": {"uv": [0, 0, 0, 1], "texture": "#0"},
				"up": {"uv": [0, 0, 1, 0], "texture": "#0"},
				"down": {"uv": [0, 0, 1, 0], "texture": "#0"}
			}
		}
	],
	"display": {
		"thirdperson_righthand": {
			"rotation": [0, 90, 0],
			"translation": [-1.5, 1.25, -2],
			"scale": [0.75, 0.75, 0.65]
		},
		"thirdperson_lefthand": {
			"rotation": [0, -90, 0],
			"translation": [0.25, 1.25, -2],
			"scale": [0.75, 0.75, 0.65]
		},
		"firstperson_righthand": {
			"rotation": [0, 90, 0],
			"translation": [-3.5, 4.5, 0]
		},
		"firstperson_lefthand": {
			"rotation": [0, -90, 0],
			"translation": [-0.5, 4.5, 0]
		},
		"ground": {
			"translation": [2.25, 4.25, 0],
			"scale": [0.75, 0.75, 0.65]
		},
		"gui": {
			"rotation": [0, 180, 33],
			"translation": [0, 1.75, 0]
		},
		"head": {
			"translation": [0, 2.75, 1.25],
			"scale": [0, 0, 0]
		},
		"fixed": {
			"translation": [0.5, 1.5, -2],
			"scale": [1.2, 1.2, 1]
		}
	},
	"groups": [
		0,
		1,
		2,
		3,
		4,
		5,
		6,
		7,
		8,
		9,
		10,
		{
			"name": "затвор и курок",
			"origin": [6.9, 8.2, 8.1],
			"color": 0,
			"children": [11, 12, 13, 14]
		},
		15,
		16,
		17,
		18,
		19,
		20,
		21,
		22,
		23,
		24
	]
}