{
	"credit": "Made with Blockbench",
	"textures": {
		"boneaxe": "./boneaxe"
	},
	"elements": [
		{
			"from": [7.2, 2, 7],
			"to": [8.2, 16, 8],
			"rotation": {"angle": 0, "axis": "y", "origin": [7.2, 2, 7]},
			"faces": {
				"north": {"uv": [0, 0, 1, 14], "texture": "#boneaxe"},
				"east": {"uv": [1, 0, 2, 14], "texture": "#boneaxe"},
				"south": {"uv": [2, 0, 3, 14], "texture": "#boneaxe"},
				"west": {"uv": [3, 0, 4, 14], "texture": "#boneaxe"},
				"up": {"uv": [10, 6, 9, 5], "texture": "#boneaxe"},
				"down": {"uv": [14, 2, 13, 3], "texture": "#boneaxe"}
			}
		},
		{
			"from": [7.1, 1.5, 7.7],
			"to": [8.3, 3.5, 8.9],
			"rotation": {"angle": -22.5, "axis": "x", "origin": [7.1, 1.5, 7.7]},
			"faces": {
				"north": {"uv": [5, 11, 6, 13], "texture": "#boneaxe"},
				"east": {"uv": [6, 11, 7, 13], "texture": "#boneaxe"},
				"south": {"uv": [7, 11, 8, 13], "texture": "#boneaxe"},
				"west": {"uv": [8, 11, 9, 13], "texture": "#boneaxe"},
				"up": {"uv": [14, 4, 13, 3], "texture": "#boneaxe"},
				"down": {"uv": [14, 4, 13, 5], "texture": "#boneaxe"}
			}
		},
		{
			"from": [7.1, 1.9, 6.4],
			"to": [8.3, 3.9, 7.6],
			"rotation": {"angle": 22.5, "axis": "x", "origin": [7.1, 1.9, 6.4]},
			"faces": {
				"north": {"uv": [9, 11, 10, 13], "texture": "#boneaxe"},
				"east": {"uv": [10, 11, 11, 13], "texture": "#boneaxe"},
				"south": {"uv": [11, 11, 12, 13], "texture": "#boneaxe"},
				"west": {"uv": [12, 2, 13, 4], "texture": "#boneaxe"},
				"up": {"uv": [6, 14, 5, 13], "texture": "#boneaxe"},
				"down": {"uv": [14, 5, 13, 6], "texture": "#boneaxe"}
			}
		},
		{
			"from": [7.2, 16.6, 9.8],
			"to": [8.2, 19.6, 11.8],
			"rotation": {"angle": -22.5, "axis": "x", "origin": [7.2, 16.6, 9.8]},
			"faces": {
				"north": {"uv": [11, 2, 12, 5], "texture": "#boneaxe"},
				"east": {"uv": [4, 6, 6, 9], "texture": "#boneaxe"},
				"south": {"uv": [4, 11, 5, 14], "texture": "#boneaxe"},
				"west": {"uv": [6, 6, 8, 9], "texture": "#boneaxe"},
				"up": {"uv": [13, 6, 12, 4], "texture": "#boneaxe"},
				"down": {"uv": [13, 6, 12, 8], "texture": "#boneaxe"}
			}
		},
		{
			"from": [7.2, 16.3, 9],
			"to": [8.2, 18.3, 11],
			"rotation": {"angle": 22.5, "axis": "x", "origin": [7.2, 16.3, 9]},
			"faces": {
				"north": {"uv": [12, 8, 13, 10], "texture": "#boneaxe"},
				"east": {"uv": [9, 3, 11, 5], "texture": "#boneaxe"},
				"south": {"uv": [12, 10, 13, 12], "texture": "#boneaxe"},
				"west": {"uv": [4, 9, 6, 11], "texture": "#boneaxe"},
				"up": {"uv": [13, 14, 12, 12], "texture": "#boneaxe"},
				"down": {"uv": [14, 0, 13, 2], "texture": "#boneaxe"}
			}
		},
		{
			"from": [7, 16.8, 6.5],
			"to": [8.5, 19.8, 9.5],
			"rotation": {"angle": 22.5, "axis": "x", "origin": [7, 17.8, 7.5]},
			"faces": {
				"north": {"uv": [7, 0, 9, 3], "texture": "#boneaxe"},
				"east": {"uv": [4, 0, 7, 3], "texture": "#boneaxe"},
				"south": {"uv": [7, 3, 9, 6], "texture": "#boneaxe"},
				"west": {"uv": [4, 3, 7, 6], "texture": "#boneaxe"},
				"up": {"uv": [10, 9, 8, 6], "texture": "#boneaxe"},
				"down": {"uv": [11, 0, 9, 3], "texture": "#boneaxe"}
			}
		},
		{
			"from": [7, 15.4, 7],
			"to": [8.5, 17.4, 9],
			"rotation": {"angle": -22.5, "axis": "x", "origin": [7, 15.4, 7]},
			"faces": {
				"north": {"uv": [6, 9, 8, 11], "texture": "#boneaxe"},
				"east": {"uv": [8, 9, 10, 11], "texture": "#boneaxe"},
				"south": {"uv": [10, 5, 12, 7], "texture": "#boneaxe"},
				"west": {"uv": [10, 7, 12, 9], "texture": "#boneaxe"},
				"up": {"uv": [12, 11, 10, 9], "texture": "#boneaxe"},
				"down": {"uv": [13, 0, 11, 2], "texture": "#boneaxe"}
			}
		},
		{
			"from": [7.1, 7.8, 6.9],
			"to": [8.3, 8.4, 8.1],
			"rotation": {"angle": 0, "axis": "y", "origin": [7.1, 7.8, 6.9]},
			"faces": {
				"north": {"uv": [14.8, 15.4, 16, 16], "texture": "#boneaxe"},
				"east": {"uv": [14.8, 15.4, 16, 16], "texture": "#boneaxe"},
				"south": {"uv": [14.8, 15.4, 16, 16], "texture": "#boneaxe"},
				"west": {"uv": [14.8, 15.4, 16, 16], "texture": "#boneaxe"},
				"up": {"uv": [13.4, 14.8, 14.6, 16], "texture": "#boneaxe"},
				"down": {"uv": [12, 14.8, 13.2, 16], "texture": "#boneaxe"}
			}
		},
		{
			"from": [7.1, 4.7, 6.9],
			"to": [8.3, 5.3, 8.1],
			"rotation": {"angle": 0, "axis": "y", "origin": [7.1, 4.7, 6.9]},
			"faces": {
				"north": {"uv": [14.8, 15.3, 16, 15.9], "texture": "#boneaxe"},
				"east": {"uv": [14.8, 15.3, 16, 15.9], "texture": "#boneaxe"},
				"south": {"uv": [14.8, 15.3, 16, 15.9], "texture": "#boneaxe"},
				"west": {"uv": [14.8, 15.3, 16, 15.9], "texture": "#boneaxe"},
				"up": {"uv": [13.4, 14.8, 14.6, 16], "texture": "#boneaxe"},
				"down": {"uv": [12.1, 14.8, 13.3, 16], "texture": "#boneaxe"}
			}
		}
	],
	"display": {
		"thirdperson_righthand": {
			"rotation": [0, 180, 0],
			"translation": [-1.25, 1, -0.5],
			"scale": [2, 2, 2]
		},
		"thirdperson_lefthand": {
			"rotation": [0, 180, 0],
			"translation": [0, 0.75, -0.5],
			"scale": [2, 2, 2]
		},
		"firstperson_righthand": {
			"rotation": [0, 180, 0],
			"scale": [1.5, 1.5, 1.5]
		},
		"firstperson_lefthand": {
			"rotation": [0, 180, 0],
			"translation": [1.75, 0, 0],
			"scale": [1.5, 1.5, 1.5]
		},
		"ground": {
			"translation": [0, 3.25, 0]
		},
		"gui": {
			"rotation": [90, -50.25, 90],
			"translation": [2.5, -2, 0]
		},
		"head": {
			"rotation": [90, 19, 51],
			"translation": [13.25, 15.25, -16.75],
			"scale": [2, 2, 2]
		},
		"fixed": {
			"rotation": [35, 0, 30],
			"translation": [17.75, -16.25, -21],
			"scale": [3, 3, 3]
		}
	},
	"groups": [
		{
			"name": "Hand",
			"origin": [8, 8, 8],
			"color": 0,
			"children": [0, 1, 2]
		},
		{
			"name": "head",
			"origin": [8, 8, 8],
			"color": 0,
			"children": [3, 4, 5, 6]
		},
		7,
		8
	]
}