{
	"credit": "Made with Blockbench",
	"textures": {
		"iron_mace": "./iron_mace"
	},
	"elements": [
		{
			"from": [0, 0, 7.5],
			"to": [3, 3, 8.5],
			"faces": {
				"north": {"uv": [3, 2, 0, 5], "texture": "#iron_mace"},
				"east": {"uv": [2, 2, 3, 5], "texture": "#iron_mace"},
				"south": {"uv": [0, 2, 3, 5], "texture": "#iron_mace"},
				"west": {"uv": [0, 2, 1, 5], "texture": "#iron_mace"},
				"up": {"uv": [0, 2, 3, 3], "texture": "#iron_mace"},
				"down": {"uv": [0, 4, 3, 5], "texture": "#iron_mace"}
			}
		},
		{
			"from": [2, 2, 7.5],
			"to": [4, 4, 8.5],
			"faces": {
				"north": {"uv": [8, 0, 6, 2], "texture": "#iron_mace"},
				"east": {"uv": [7, 0, 8, 2], "texture": "#iron_mace"},
				"south": {"uv": [6, 0, 8, 2], "texture": "#iron_mace"},
				"west": {"uv": [6, 0, 7, 2], "texture": "#iron_mace"},
				"up": {"uv": [6, 0, 8, 1], "texture": "#iron_mace"},
				"down": {"uv": [6, 1, 8, 2], "texture": "#iron_mace"}
			}
		},
		{
			"from": [3, 3, 7.5],
			"to": [5, 5, 8.5],
			"faces": {
				"north": {"uv": [6, 0, 4, 2], "texture": "#iron_mace"},
				"east": {"uv": [5, 0, 6, 2], "texture": "#iron_mace"},
				"south": {"uv": [4, 0, 6, 2], "texture": "#iron_mace"},
				"west": {"uv": [4, 0, 5, 2], "texture": "#iron_mace"},
				"up": {"uv": [4, 0, 6, 1], "texture": "#iron_mace"},
				"down": {"uv": [4, 1, 6, 2], "texture": "#iron_mace"}
			}
		},
		{
			"from": [4, 4, 7.5],
			"to": [6, 6, 8.5],
			"faces": {
				"north": {"uv": [6, 0, 4, 2], "texture": "#iron_mace"},
				"east": {"uv": [5, 0, 6, 2], "texture": "#iron_mace"},
				"south": {"uv": [4, 0, 6, 2], "texture": "#iron_mace"},
				"west": {"uv": [4, 0, 5, 2], "texture": "#iron_mace"},
				"up": {"uv": [4, 0, 6, 1], "texture": "#iron_mace"},
				"down": {"uv": [4, 1, 6, 2], "texture": "#iron_mace"}
			}
		},
		{
			"from": [5, 5, 7.5],
			"to": [7, 7, 8.5],
			"faces": {
				"north": {"uv": [2, 0, 0, 2], "texture": "#iron_mace"},
				"east": {"uv": [1, 0, 2, 2], "texture": "#iron_mace"},
				"south": {"uv": [0, 0, 2, 2], "texture": "#iron_mace"},
				"west": {"uv": [0, 0, 1, 2], "texture": "#iron_mace"},
				"up": {"uv": [0, 0, 2, 1], "texture": "#iron_mace"},
				"down": {"uv": [0, 1, 2, 2], "texture": "#iron_mace"}
			}
		},
		{
			"from": [6, 6, 7.5],
			"to": [8, 8, 8.5],
			"faces": {
				"north": {"uv": [4, 0, 2, 2], "texture": "#iron_mace"},
				"east": {"uv": [3, 0, 4, 2], "texture": "#iron_mace"},
				"south": {"uv": [2, 0, 4, 2], "texture": "#iron_mace"},
				"west": {"uv": [2, 0, 3, 2], "texture": "#iron_mace"},
				"up": {"uv": [2, 0, 4, 1], "texture": "#iron_mace"},
				"down": {"uv": [2, 1, 4, 2], "texture": "#iron_mace"}
			}
		},
		{
			"from": [7, 7, 7.5],
			"to": [9, 9, 8.5],
			"faces": {
				"north": {"uv": [4, 0, 2, 2], "texture": "#iron_mace"},
				"east": {"uv": [3, 0, 4, 2], "texture": "#iron_mace"},
				"south": {"uv": [2, 0, 4, 2], "texture": "#iron_mace"},
				"west": {"uv": [2, 0, 3, 2], "texture": "#iron_mace"},
				"up": {"uv": [2, 0, 4, 1], "texture": "#iron_mace"},
				"down": {"uv": [2, 1, 4, 2], "texture": "#iron_mace"}
			}
		},
		{
			"from": [8, 8, 5.5],
			"to": [13, 13, 10.5],
			"faces": {
				"north": {"uv": [11, 1, 16, 6], "texture": "#iron_mace"},
				"east": {"uv": [11, 11, 16, 16], "texture": "#iron_mace"},
				"south": {"uv": [6, 11, 11, 16], "texture": "#iron_mace"},
				"west": {"uv": [1, 11, 6, 16], "texture": "#iron_mace"},
				"up": {"uv": [6, 6, 11, 11], "texture": "#iron_mace"},
				"down": {"uv": [11, 6, 16, 11], "texture": "#iron_mace"}
			}
		},
		{
			"from": [10, 13, 7.5],
			"to": [11, 15, 8.5],
			"faces": {
				"north": {"uv": [0, 14, 1, 16], "texture": "#iron_mace"},
				"east": {"uv": [0, 14, 1, 16], "texture": "#iron_mace"},
				"south": {"uv": [0, 14, 1, 16], "texture": "#iron_mace"},
				"west": {"uv": [0, 14, 1, 16], "texture": "#iron_mace"},
				"up": {"uv": [0, 14, 1, 15], "texture": "#iron_mace"},
				"down": {"uv": [0, 15, 1, 16], "texture": "#iron_mace"}
			}
		},
		{
			"from": [10, 6, 7.5],
			"to": [11, 8, 8.5],
			"faces": {
				"north": {"uv": [0, 16, 1, 14], "texture": "#iron_mace"},
				"east": {"uv": [0, 16, 1, 14], "texture": "#iron_mace"},
				"south": {"uv": [0, 16, 1, 14], "texture": "#iron_mace"},
				"west": {"uv": [0, 16, 1, 14], "texture": "#iron_mace"},
				"up": {"uv": [0, 15, 1, 16], "texture": "#iron_mace"},
				"down": {"uv": [0, 14, 1, 15], "texture": "#iron_mace"}
			}
		},
		{
			"from": [10, 10, 3.5],
			"to": [11, 11, 5.5],
			"faces": {
				"north": {"uv": [0, 14, 1, 15], "texture": "#iron_mace"},
				"east": {"uv": [0, 14, 1, 16], "rotation": 90, "texture": "#iron_mace"},
				"south": {"uv": [0, 15, 1, 16], "texture": "#iron_mace"},
				"west": {"uv": [0, 16, 1, 14], "rotation": 90, "texture": "#iron_mace"},
				"up": {"uv": [0, 14, 1, 16], "texture": "#iron_mace"},
				"down": {"uv": [0, 16, 1, 14], "texture": "#iron_mace"}
			}
		},
		{
			"from": [10, 10, 10.5],
			"to": [11, 11, 12.5],
			"faces": {
				"north": {"uv": [0, 15, 1, 16], "texture": "#iron_mace"},
				"east": {"uv": [0, 16, 1, 14], "rotation": 90, "texture": "#iron_mace"},
				"south": {"uv": [0, 14, 1, 15], "texture": "#iron_mace"},
				"west": {"uv": [0, 14, 1, 16], "rotation": 90, "texture": "#iron_mace"},
				"up": {"uv": [0, 16, 1, 14], "texture": "#iron_mace"},
				"down": {"uv": [0, 14, 1, 16], "texture": "#iron_mace"}
			}
		},
		{
			"from": [13, 10, 7.5],
			"to": [15, 11, 8.5],
			"faces": {
				"north": {"uv": [0, 16, 1, 14], "rotation": 90, "texture": "#iron_mace"},
				"east": {"uv": [0, 14, 1, 15], "texture": "#iron_mace"},
				"south": {"uv": [0, 14, 1, 16], "rotation": 90, "texture": "#iron_mace"},
				"west": {"uv": [0, 15, 1, 16], "texture": "#iron_mace"},
				"up": {"uv": [0, 14, 1, 16], "rotation": 90, "texture": "#iron_mace"},
				"down": {"uv": [0, 14, 1, 16], "rotation": 90, "texture": "#iron_mace"}
			}
		},
		{
			"from": [6, 10, 7.5],
			"to": [8, 11, 8.5],
			"faces": {
				"north": {"uv": [0, 14, 1, 16], "rotation": 90, "texture": "#iron_mace"},
				"east": {"uv": [0, 15, 1, 16], "texture": "#iron_mace"},
				"south": {"uv": [0, 16, 1, 14], "rotation": 90, "texture": "#iron_mace"},
				"west": {"uv": [0, 14, 1, 15], "texture": "#iron_mace"},
				"up": {"uv": [0, 16, 1, 14], "rotation": 90, "texture": "#iron_mace"},
				"down": {"uv": [0, 16, 1, 14], "rotation": 90, "texture": "#iron_mace"}
			}
		}
	],
	"gui_light": "front",
	"display": {
		"thirdperson_righthand": {
			"rotation": [0, -90, 55],
			"translation": [0, 4, 0.5],
			"scale": [0.85, 0.85, 0.9]
		},
		"thirdperson_lefthand": {
			"rotation": [0, -90, -35],
			"translation": [0, 4, 0.5],
			"scale": [0.85, 0.85, 0.9]
		},
		"firstperson_righthand": {
			"rotation": [62, 90, 0],
			"translation": [-0.75, 4.75, 1.5]
		},
		"firstperson_lefthand": {
			"rotation": [38, -90, 0],
			"translation": [-0.75, 4.75, 1.5]
		},
		"ground": {
			"rotation": [0, 0, 43],
			"translation": [0, 3.5, 0],
			"scale": [0.5, 0.5, 0.5]
		},
		"gui": {
			"rotation": [26, -26, 0],
			"translation": [1.25, 0.75, 0]
		},
		"head": {
			"rotation": [0, 90, 0],
			"translation": [0, 0.5, 0.75],
			"scale": [0, 0, 0]
		},
		"fixed": {
			"rotation": [-24, 180, -3],
			"translation": [-3, 2.75, -7],
			"scale": [2, 2, 2]
		}
	}
}