{
	"credit": "Made with Blockbench",
	"textures": {
		"klukvamors": "./klukvamors"
	},
	"elements": [
		{
			"from": [6.9, 0.3, 7],
			"to": [7, 3.3, 9],
			"rotation": {"angle": 0, "axis": "y", "origin": [8, 0, 8]},
			"faces": {
				"north": {"uv": [8, 8, 9, 11], "texture": "#klukvamors"},
				"east": {"uv": [0, 0, 2, 3], "texture": "#klukvamors"},
				"south": {"uv": [0, 9, 1, 12], "texture": "#klukvamors"},
				"west": {"uv": [2, 0, 4, 3], "texture": "#klukvamors"},
				"up": {"uv": [8, 11, 7, 9], "texture": "#klukvamors"},
				"down": {"uv": [10, 8, 9, 10], "texture": "#klukvamors"}
			}
		},
		{
			"from": [9, 0.3, 7],
			"to": [9.1, 3.3, 9],
			"rotation": {"angle": 0, "axis": "y", "origin": [8, 0, 8]},
			"faces": {
				"north": {"uv": [1, 9, 2, 12], "texture": "#klukvamors"},
				"east": {"uv": [0, 3, 2, 6], "texture": "#klukvamors"},
				"south": {"uv": [2, 9, 3, 12], "texture": "#klukvamors"},
				"west": {"uv": [2, 3, 4, 6], "texture": "#klukvamors"},
				"up": {"uv": [11, 2, 10, 0], "texture": "#klukvamors"},
				"down": {"uv": [11, 2, 10, 4], "texture": "#klukvamors"}
			}
		},
		{
			"from": [7, 0.3, 9],
			"to": [9, 3.3, 9.1],
			"rotation": {"angle": 0, "axis": "y", "origin": [8, 0, 8]},
			"faces": {
				"north": {"uv": [4, 0, 6, 3], "texture": "#klukvamors"},
				"east": {"uv": [4, 9, 5, 12], "texture": "#klukvamors"},
				"south": {"uv": [4, 3, 6, 6], "texture": "#klukvamors"},
				"west": {"uv": [3, 9, 4, 12], "texture": "#klukvamors"},
				"up": {"uv": [11, 6, 10, 4], "rotation": 270, "texture": "#klukvamors"},
				"down": {"uv": [11, 6, 10, 8], "rotation": 90, "texture": "#klukvamors"}
			}
		},
		{
			"from": [7, 0.3, 6.9],
			"to": [9, 3.3, 7],
			"rotation": {"angle": 0, "axis": "y", "origin": [8, 0, 8]},
			"faces": {
				"north": {"uv": [0, 6, 2, 9], "texture": "#klukvamors"},
				"east": {"uv": [6, 9, 7, 12], "texture": "#klukvamors"},
				"south": {"uv": [6, 0, 8, 3], "texture": "#klukvamors"},
				"west": {"uv": [5, 9, 6, 12], "texture": "#klukvamors"},
				"up": {"uv": [11, 10, 10, 8], "rotation": 270, "texture": "#klukvamors"},
				"down": {"uv": [10, 10, 9, 12], "rotation": 90, "texture": "#klukvamors"}
			}
		},
		{
			"from": [7, 0, 7],
			"to": [9, 0.3, 9],
			"rotation": {"angle": 0, "axis": "y", "origin": [8, 0, 8]},
			"faces": {
				"north": {"uv": [10, 10, 12, 11], "texture": "#klukvamors"},
				"east": {"uv": [11, 0, 13, 1], "texture": "#klukvamors"},
				"south": {"uv": [11, 1, 13, 2], "texture": "#klukvamors"},
				"west": {"uv": [11, 2, 13, 3], "texture": "#klukvamors"},
				"up": {"uv": [10, 2, 8, 0], "texture": "#klukvamors"},
				"down": {"uv": [10, 2, 8, 4], "texture": "#klukvamors"}
			}
		},
		{
			"from": [7, 0.3, 7],
			"to": [9, 3, 9],
			"rotation": {"angle": 0, "axis": "y", "origin": [8, 0, 8]},
			"faces": {
				"north": {"uv": [2, 6, 4, 9], "texture": "#klukvamors"},
				"east": {"uv": [6, 3, 8, 6], "texture": "#klukvamors"},
				"south": {"uv": [4, 6, 6, 9], "texture": "#klukvamors"},
				"west": {"uv": [6, 6, 8, 9], "texture": "#klukvamors"},
				"up": {"uv": [10, 6, 8, 4], "texture": "#klukvamors"},
				"down": {"uv": [10, 6, 8, 8], "texture": "#klukvamors"}
			}
		}
	],
	"display": {
		"thirdperson_righthand": {
			"rotation": [70, 0, 0],
			"translation": [0, 3, 6.75]
		},
		"thirdperson_lefthand": {
			"rotation": [70, 0, 0],
			"translation": [0, 3, 6.25]
		},
		"firstperson_righthand": {
			"translation": [0.25, 8, 2]
		},
		"firstperson_lefthand": {
			"translation": [1.75, 7.5, 0.75]
		},
		"ground": {
			"translation": [0, 8.25, 0],
			"scale": [1.5, 1.5, 1.5]
		},
		"gui": {
			"rotation": [13, 126, 0],
			"translation": [0, 15.25, 0],
			"scale": [2.5, 2.5, 2.5]
		},
		"head": {
			"translation": [0, 18.5, 0],
			"scale": [1.5, 1.5, 1.5]
		},
		"fixed": {
			"rotation": [-90, 0, 0],
			"translation": [0, 0, -20],
			"scale": [2.5, 2.5, 2.5]
		}
	}
}