{
	"credit": "Made with Blockbench",
	"texture_size": [32, 32],
	"textures": {
		"fiveshluz": "./fiveshluz"
	},
	"elements": [
		{
			"from": [6, 0, 6],
			"to": [10, 0.2, 10],
			"rotation": {"angle": 0, "axis": "y", "origin": [8, 0, 8]},
			"faces": {
				"north": {"uv": [9, 9, 11, 9.5], "texture": "#fiveshluz"},
				"east": {"uv": [0, 9.5, 2, 10], "texture": "#fiveshluz"},
				"south": {"uv": [2, 9.5, 4, 10], "texture": "#fiveshluz"},
				"west": {"uv": [4, 9.5, 6, 10], "texture": "#fiveshluz"},
				"up": {"uv": [2, 9.5, 0, 7.5], "texture": "#fiveshluz"},
				"down": {"uv": [4, 7.5, 2, 9.5], "texture": "#fiveshluz"}
			}
		},
		{
			"from": [10, 0.2, 6],
			"to": [10.2, 5.2, 10],
			"rotation": {"angle": 0, "axis": "y", "origin": [8, 0, 8]},
			"faces": {
				"north": {"uv": [8, 4, 8.5, 6.5], "texture": "#fiveshluz"},
				"east": {"uv": [0, 0, 2, 2.5], "texture": "#fiveshluz"},
				"south": {"uv": [8, 6.5, 8.5, 9], "texture": "#fiveshluz"},
				"west": {"uv": [2, 0, 4, 2.5], "texture": "#fiveshluz"},
				"up": {"uv": [10, 6, 9.5, 4], "texture": "#fiveshluz"},
				"down": {"uv": [6.5, 9.5, 6, 11.5], "texture": "#fiveshluz"}
			}
		},
		{
			"from": [5.8, 0.2, 6],
			"to": [6, 5.2, 10],
			"rotation": {"angle": 0, "axis": "y", "origin": [8, 0, 8]},
			"faces": {
				"north": {"uv": [8.5, 4, 9, 6.5], "texture": "#fiveshluz"},
				"east": {"uv": [0, 2.5, 2, 5], "texture": "#fiveshluz"},
				"south": {"uv": [8.5, 6.5, 9, 9], "texture": "#fiveshluz"},
				"west": {"uv": [2, 2.5, 4, 5], "texture": "#fiveshluz"},
				"up": {"uv": [10, 8, 9.5, 6], "texture": "#fiveshluz"},
				"down": {"uv": [7, 9.5, 6.5, 11.5], "texture": "#fiveshluz"}
			}
		},
		{
			"from": [6, 0.2, 10],
			"to": [10, 5.2, 10.2],
			"rotation": {"angle": 0, "axis": "y", "origin": [8, 0, 8]},
			"faces": {
				"north": {"uv": [4, 0, 6, 2.5], "texture": "#fiveshluz"},
				"east": {"uv": [9, 4, 9.5, 6.5], "texture": "#fiveshluz"},
				"south": {"uv": [4, 2.5, 6, 5], "texture": "#fiveshluz"},
				"west": {"uv": [9, 6.5, 9.5, 9], "texture": "#fiveshluz"},
				"up": {"uv": [11.5, 8.5, 9.5, 8], "texture": "#fiveshluz"},
				"down": {"uv": [11.5, 8.5, 9.5, 9], "texture": "#fiveshluz"}
			}
		},
		{
			"from": [6, 0.2, 5.8],
			"to": [10, 5.2, 6],
			"rotation": {"angle": 0, "axis": "y", "origin": [8, 0, 8]},
			"faces": {
				"north": {"uv": [0, 5, 2, 7.5], "texture": "#fiveshluz"},
				"east": {"uv": [8, 9, 8.5, 11.5], "texture": "#fiveshluz"},
				"south": {"uv": [2, 5, 4, 7.5], "texture": "#fiveshluz"},
				"west": {"uv": [8.5, 9, 9, 11.5], "texture": "#fiveshluz"},
				"up": {"uv": [11, 10, 9, 9.5], "texture": "#fiveshluz"},
				"down": {"uv": [2, 10, 0, 10.5], "texture": "#fiveshluz"}
			}
		},
		{
			"from": [6, 5.1, 6],
			"to": [10, 5.3, 10],
			"rotation": {"angle": 0, "axis": "y", "origin": [8, 0, 8]},
			"faces": {
				"north": {"uv": [10, 0, 12, 0.5], "texture": "#fiveshluz"},
				"east": {"uv": [10, 0.5, 12, 1], "texture": "#fiveshluz"},
				"south": {"uv": [10, 1, 12, 1.5], "texture": "#fiveshluz"},
				"west": {"uv": [10, 1.5, 12, 2], "texture": "#fiveshluz"},
				"up": {"uv": [6, 9.5, 4, 7.5], "texture": "#fiveshluz"},
				"down": {"uv": [8, 7.5, 6, 9.5], "texture": "#fiveshluz"}
			}
		},
		{
			"from": [7, 5.2, 7],
			"to": [9, 5.6, 9],
			"rotation": {"angle": 0, "axis": "y", "origin": [8, 0, 8]},
			"faces": {
				"north": {"uv": [10, 3, 11, 3.5], "texture": "#fiveshluz"},
				"east": {"uv": [10, 3.5, 11, 4], "texture": "#fiveshluz"},
				"south": {"uv": [4, 10, 5, 10.5], "texture": "#fiveshluz"},
				"west": {"uv": [10, 4, 11, 4.5], "texture": "#fiveshluz"},
				"up": {"uv": [8, 10.5, 7, 9.5], "texture": "#fiveshluz"},
				"down": {"uv": [3, 10, 2, 11], "texture": "#fiveshluz"}
			}
		},
		{
			"from": [6.9, 5.6, 6.9],
			"to": [9.1, 5.7, 9.1],
			"rotation": {"angle": 0, "axis": "y", "origin": [8, 0, 8]},
			"faces": {
				"north": {"uv": [10, 4.5, 11, 5], "texture": "#fiveshluz"},
				"east": {"uv": [5, 10, 6, 10.5], "texture": "#fiveshluz"},
				"south": {"uv": [10, 5, 11, 5.5], "texture": "#fiveshluz"},
				"west": {"uv": [10, 5.5, 11, 6], "texture": "#fiveshluz"},
				"up": {"uv": [11, 3, 10, 2], "texture": "#fiveshluz"},
				"down": {"uv": [4, 10, 3, 11], "texture": "#fiveshluz"}
			}
		},
		{
			"from": [6, 0.2, 6],
			"to": [10, 5.2, 10],
			"rotation": {"angle": 0, "axis": "y", "origin": [8, 0, 8]},
			"faces": {
				"north": {"uv": [4, 5, 6, 7.5], "texture": "#fiveshluz"},
				"east": {"uv": [6, 0, 8, 2.5], "texture": "#fiveshluz"},
				"south": {"uv": [6, 2.5, 8, 5], "texture": "#fiveshluz"},
				"west": {"uv": [6, 5, 8, 7.5], "texture": "#fiveshluz"},
				"up": {"uv": [10, 2, 8, 0], "texture": "#fiveshluz"},
				"down": {"uv": [10, 2, 8, 4], "texture": "#fiveshluz"}
			}
		}
	],
	"display": {
		"thirdperson_righthand": {
			"translation": [0, 4.5, -1.75]
		},
		"thirdperson_lefthand": {
			"translation": [0, 3.75, -2.25]
		},
		"firstperson_righthand": {
			"rotation": [0, 132, 0],
			"translation": [0, 8.5, 1.25]
		},
		"firstperson_lefthand": {
			"rotation": [0, 101, 0],
			"translation": [0, 8.5, 1.5]
		},
		"ground": {
			"translation": [0, 5, 0]
		},
		"gui": {
			"rotation": [17, 152, 0],
			"translation": [0, 7.75, 0],
			"scale": [1.5, 1.5, 1.5]
		},
		"head": {
			"translation": [0, 22.5, 0],
			"scale": [2, 2, 2]
		},
		"fixed": {
			"rotation": [-90, 0, 0],
			"translation": [0, 0, -24],
			"scale": [3, 3, 3]
		}
	}
}