{
	"credit": "Made with Blockbench",
	"texture_size": [32, 32],
	"textures": {
		"tokarev_gun": "./tokarev_gun"
	},
	"elements": [
		{
			"name": "gun",
			"from": [7.335, 5, 9.4],
			"to": [7.685, 5.5, 9.9],
			"rotation": {"angle": 0, "axis": "y", "origin": [9, -11, 16]},
			"faces": {
				"north": {"uv": [0.5, 8.5, 0.625, 8.75], "texture": "#tokarev_gun"},
				"east": {"uv": [2.5, 8, 2.75, 8.25], "texture": "#tokarev_gun"},
				"south": {"uv": [8.5, 0.5, 8.625, 0.75], "texture": "#tokarev_gun"},
				"west": {"uv": [4, 8, 4.25, 8.25], "texture": "#tokarev_gun"},
				"up": {"uv": [8.625, 1.25, 8.5, 1], "texture": "#tokarev_gun"},
				"down": {"uv": [8.625, 1.5, 8.5, 1.75], "texture": "#tokarev_gun"}
			}
		},
		{
			"name": "gun",
			"from": [7.5, 3.2, 6.7],
			"to": [7.5, 4.2, 7.7],
			"rotation": {"angle": 0, "axis": "y", "origin": [9, -11, 16]},
			"faces": {
				"north": {"uv": [0, 0, 0, 0.5], "texture": "#tokarev_gun"},
				"east": {"uv": [7, 5, 7.5, 5.5], "texture": "#tokarev_gun"},
				"south": {"uv": [0, 0, 0, 0.5], "texture": "#tokarev_gun"},
				"west": {"uv": [5.5, 7, 6, 7.5], "texture": "#tokarev_gun"},
				"up": {"uv": [0, 0.5, 0, 0], "texture": "#tokarev_gun"},
				"down": {"uv": [0, 0, 0, 0.5], "texture": "#tokarev_gun"}
			}
		},
		{
			"name": "1",
			"from": [7.05, 4.55, 7],
			"to": [8.05, 5.55, 8],
			"rotation": {"angle": 0, "axis": "y", "origin": [9, -11, 16]},
			"faces": {
				"north": {"uv": [7, 5.5, 7.5, 6], "texture": "#tokarev_gun"},
				"east": {"uv": [7, 0, 8, 0.5], "texture": "#tokarev_gun"},
				"south": {"uv": [6, 7, 6.5, 7.5], "texture": "#tokarev_gun"},
				"west": {"uv": [7, 0.5, 8, 1], "texture": "#tokarev_gun"},
				"up": {"uv": [7.5, 2, 7, 1], "texture": "#tokarev_gun"},
				"down": {"uv": [7.5, 2, 7, 3], "texture": "#tokarev_gun"}
			}
		},
		{
			"name": "base",
			"from": [6.9, 4, 5],
			"to": [8.1, 4.5, 9],
			"rotation": {"angle": 0, "axis": "y", "origin": [9, -11, 16]},
			"faces": {
				"north": {"uv": [7.5, 1, 8.125, 1.25], "texture": "#tokarev_gun"},
				"east": {"uv": [6, 6, 8, 6.25], "texture": "#tokarev_gun"},
				"south": {"uv": [7.5, 1.5, 8.125, 1.75], "texture": "#tokarev_gun"},
				"west": {"uv": [6, 6.5, 8, 6.75], "texture": "#tokarev_gun"},
				"up": {"uv": [4.625, 8, 4, 6], "texture": "#tokarev_gun"},
				"down": {"uv": [6.625, 4, 6, 6], "texture": "#tokarev_gun"}
			}
		},
		{
			"name": "base",
			"from": [7, 1, 8],
			"to": [8, 4, 10],
			"rotation": {"angle": -22.5, "axis": "x", "origin": [8, 2, 6]},
			"faces": {
				"north": {"uv": [0.5, 6, 1, 7.5], "texture": "#tokarev_gun"},
				"east": {"uv": [2, 6, 3, 7.5], "texture": "#tokarev_gun"},
				"south": {"uv": [5, 6, 5.5, 7.5], "texture": "#tokarev_gun"},
				"west": {"uv": [3, 6, 4, 7.5], "texture": "#tokarev_gun"},
				"up": {"uv": [0.5, 7, 0, 6], "texture": "#tokarev_gun"},
				"down": {"uv": [6, 6, 5.5, 7], "texture": "#tokarev_gun"}
			}
		},
		{
			"name": "base",
			"from": [9.5, 4.2, 3.95],
			"to": [10, 4.7, 5.15],
			"rotation": {"angle": 45, "axis": "z", "origin": [8, 2, 6]},
			"faces": {
				"north": {"uv": [7.5, 7.5, 7.75, 7.75], "texture": "#tokarev_gun"},
				"east": {"uv": [2, 7.5, 2.625, 7.75], "texture": "#tokarev_gun"},
				"south": {"uv": [0, 8, 0.25, 8.25], "texture": "#tokarev_gun"},
				"west": {"uv": [7.5, 2, 8.125, 2.25], "texture": "#tokarev_gun"},
				"up": {"uv": [3.25, 8.125, 3, 7.5], "texture": "#tokarev_gun"},
				"down": {"uv": [3.75, 7.5, 3.5, 8.125], "texture": "#tokarev_gun"}
			}
		},
		{
			"name": "base",
			"from": [7.25, 3.5, 6.5],
			"to": [7.75, 4, 6.6],
			"rotation": {"angle": 0, "axis": "y", "origin": [9, -11, 16]},
			"faces": {
				"north": {"uv": [7.5, 5, 7.75, 5.25], "texture": "#tokarev_gun"},
				"east": {"uv": [8, 4, 8.125, 4.25], "texture": "#tokarev_gun"},
				"south": {"uv": [7.5, 5.5, 7.75, 5.75], "texture": "#tokarev_gun"},
				"west": {"uv": [4.5, 8, 4.625, 8.25], "texture": "#tokarev_gun"},
				"up": {"uv": [8.25, 4.625, 8, 4.5], "texture": "#tokarev_gun"},
				"down": {"uv": [5.25, 8, 5, 8.125], "texture": "#tokarev_gun"}
			}
		},
		{
			"name": "base",
			"from": [7.25, 2.8, 7.05],
			"to": [7.75, 3.2, 7.15],
			"rotation": {"angle": -22.5, "axis": "x", "origin": [8, 2, 6]},
			"faces": {
				"north": {"uv": [6, 7.5, 6.25, 7.75], "texture": "#tokarev_gun"},
				"east": {"uv": [8, 5, 8.125, 5.25], "texture": "#tokarev_gun"},
				"south": {"uv": [7.5, 7, 7.75, 7.25], "texture": "#tokarev_gun"},
				"west": {"uv": [5.5, 8, 5.625, 8.25], "texture": "#tokarev_gun"},
				"up": {"uv": [8.25, 5.625, 8, 5.5], "texture": "#tokarev_gun"},
				"down": {"uv": [6.25, 8, 6, 8.125], "texture": "#tokarev_gun"}
			}
		},
		{
			"name": "base",
			"from": [7.25, 3.1, 6.7],
			"to": [7.75, 3.2, 8.2],
			"rotation": {"angle": 0, "axis": "y", "origin": [9, -11, 16]},
			"faces": {
				"north": {"uv": [8, 6, 8.25, 6.125], "texture": "#tokarev_gun"},
				"east": {"uv": [7.5, 2.5, 8.25, 2.625], "texture": "#tokarev_gun"},
				"south": {"uv": [6.5, 8, 6.75, 8.125], "texture": "#tokarev_gun"},
				"west": {"uv": [5, 7.5, 5.75, 7.625], "texture": "#tokarev_gun"},
				"up": {"uv": [6.75, 7.75, 6.5, 7], "texture": "#tokarev_gun"},
				"down": {"uv": [7.25, 7, 7, 7.75], "texture": "#tokarev_gun"}
			}
		},
		{
			"name": "piston",
			"from": [6.9, 4.5, 4],
			"to": [8.1, 5.6, 9.5],
			"rotation": {"angle": 0, "axis": "y", "origin": [9, -11, 16]},
			"faces": {
				"north": {"uv": [7, 4, 7.625, 4.5], "texture": "#tokarev_gun"},
				"east": {"uv": [6, 3, 8.75, 3.5], "texture": "#tokarev_gun"},
				"south": {"uv": [7, 4.5, 7.625, 5], "texture": "#tokarev_gun"},
				"west": {"uv": [6, 3.5, 8.75, 4], "texture": "#tokarev_gun"},
				"up": {"uv": [6.625, 2.75, 6, 0], "texture": "#tokarev_gun"},
				"down": {"uv": [1.625, 6, 1, 8.75], "texture": "#tokarev_gun"}
			}
		},
		{
			"name": "piston",
			"from": [7.5, 5.5, 4.1],
			"to": [7.55, 5.7, 4.4],
			"rotation": {"angle": 0, "axis": "y", "origin": [9, -11, 16]},
			"faces": {
				"north": {"uv": [2, 8.5, 2.125, 8.625], "texture": "#tokarev_gun"},
				"east": {"uv": [8.5, 2, 8.625, 2.125], "texture": "#tokarev_gun"},
				"south": {"uv": [2.5, 8.5, 2.625, 8.625], "texture": "#tokarev_gun"},
				"west": {"uv": [8.5, 2.5, 8.625, 2.625], "texture": "#tokarev_gun"},
				"up": {"uv": [3.125, 8.625, 3, 8.5], "texture": "#tokarev_gun"},
				"down": {"uv": [3.625, 8.5, 3.5, 8.625], "texture": "#tokarev_gun"}
			}
		},
		{
			"name": "piston",
			"from": [7.58, 5.5, 8.8],
			"to": [7.98, 5.8, 8.9],
			"rotation": {"angle": 0, "axis": "y", "origin": [9, -11, 16]},
			"faces": {
				"north": {"uv": [8, 7.5, 8.25, 7.625], "texture": "#tokarev_gun"},
				"east": {"uv": [5, 8.5, 5.125, 8.625], "texture": "#tokarev_gun"},
				"south": {"uv": [8, 8, 8.25, 8.125], "texture": "#tokarev_gun"},
				"west": {"uv": [8.5, 5, 8.625, 5.125], "texture": "#tokarev_gun"},
				"up": {"uv": [0.25, 8.625, 0, 8.5], "texture": "#tokarev_gun"},
				"down": {"uv": [8.75, 0, 8.5, 0.125], "texture": "#tokarev_gun"}
			}
		},
		{
			"name": "piston",
			"from": [7.02, 5.5, 8.8],
			"to": [7.42, 5.8, 8.9],
			"rotation": {"angle": 0, "axis": "y", "origin": [9, -11, 16]},
			"faces": {
				"north": {"uv": [8, 6.5, 8.25, 6.625], "texture": "#tokarev_gun"},
				"east": {"uv": [4.5, 8.5, 4.625, 8.625], "texture": "#tokarev_gun"},
				"south": {"uv": [7, 8, 7.25, 8.125], "texture": "#tokarev_gun"},
				"west": {"uv": [8.5, 4.5, 8.625, 4.625], "texture": "#tokarev_gun"},
				"up": {"uv": [8.25, 7.125, 8, 7], "texture": "#tokarev_gun"},
				"down": {"uv": [7.75, 8, 7.5, 8.125], "texture": "#tokarev_gun"}
			}
		},
		{
			"name": "piston",
			"from": [7, 5.5, 8.79],
			"to": [8, 5.65, 8.91],
			"rotation": {"angle": 0, "axis": "y", "origin": [9, -11, 16]},
			"faces": {
				"north": {"uv": [8, 0, 8.5, 0.125], "texture": "#tokarev_gun"},
				"east": {"uv": [4, 8.5, 4.125, 8.625], "texture": "#tokarev_gun"},
				"south": {"uv": [0.5, 8, 1, 8.125], "texture": "#tokarev_gun"},
				"west": {"uv": [8.5, 4, 8.625, 4.125], "texture": "#tokarev_gun"},
				"up": {"uv": [8.5, 0.625, 8, 0.5], "texture": "#tokarev_gun"},
				"down": {"uv": [2.5, 8, 2, 8.125], "texture": "#tokarev_gun"}
			}
		},
		{
			"name": "mag2",
			"from": [7.2, 0.6, 7.2],
			"to": [7.8, 3.4, 9],
			"rotation": {"angle": -22.5, "axis": "x", "origin": [8, 4, 5]},
			"faces": {
				"north": {"uv": [15, 7.5, 16, 8.5], "texture": "#tokarev_gun"},
				"east": {"uv": [15, 2, 16, 3], "texture": "#tokarev_gun"},
				"south": {"uv": [15, 7.5, 16, 8.5], "texture": "#tokarev_gun"},
				"west": {"uv": [15, 2, 16, 3], "texture": "#tokarev_gun"},
				"up": {"uv": [15, 4, 16, 5], "texture": "#tokarev_gun"},
				"down": {"uv": [15, 4, 16, 5], "texture": "#tokarev_gun"}
			}
		},
		{
			"name": "mag2",
			"from": [7.1, 0.6, 7.1],
			"to": [7.9, 0.7, 9],
			"rotation": {"angle": -22.5, "axis": "x", "origin": [8, 4, 5]},
			"faces": {
				"north": {"uv": [15.5, 9, 16, 10.5], "texture": "#tokarev_gun"},
				"east": {"uv": [15, 9, 16, 10.5], "texture": "#tokarev_gun"},
				"south": {"uv": [15.5, 9, 16, 10.5], "texture": "#tokarev_gun"},
				"west": {"uv": [15, 9, 16, 10.5], "texture": "#tokarev_gun"},
				"up": {"uv": [15, 6.625, 14.5, 5.625], "texture": "#tokarev_gun"},
				"down": {"uv": [15, 5.625, 14.5, 6.625], "texture": "#tokarev_gun"}
			}
		},
		{
			"name": "ammo13",
			"from": [7.3, 1.1, 7.3],
			"to": [7.7, 1.5, 8.3],
			"rotation": {"angle": -22.5, "axis": "x", "origin": [8, 5.5, 5]},
			"faces": {
				"north": {"uv": [13.75, 11.5, 14.75, 12.5], "texture": "#tokarev_gun"},
				"east": {"uv": [13.75, 12.875, 14.75, 13.875], "texture": "#tokarev_gun"},
				"south": {"uv": [12.5, 11.5, 13.5, 12.5], "texture": "#tokarev_gun"},
				"west": {"uv": [15, 12.875, 16, 13.875], "texture": "#tokarev_gun"},
				"up": {"uv": [15, 11.5, 16, 12.5], "texture": "#tokarev_gun"},
				"down": {"uv": [12.5, 12.875, 13.5, 13.875], "texture": "#tokarev_gun"}
			}
		},
		{
			"name": "ammo13",
			"from": [7.4, 1.2, 6.9],
			"to": [7.6, 1.4, 7.7],
			"rotation": {"angle": -22.5, "axis": "x", "origin": [8, 5.5, 5]},
			"faces": {
				"north": {"uv": [11.125, 9.375, 12.125, 10.375], "texture": "#tokarev_gun"},
				"east": {"uv": [10, 8.25, 11, 9.25], "texture": "#tokarev_gun"},
				"south": {"uv": [15, 0, 16, 1], "texture": "#tokarev_gun"},
				"west": {"uv": [11.125, 10.5, 12.125, 11.5], "texture": "#tokarev_gun"},
				"up": {"uv": [10, 10.5, 11, 11.5], "texture": "#tokarev_gun"},
				"down": {"uv": [10, 9.375, 11, 10.375], "texture": "#tokarev_gun"}
			}
		},
		{
			"name": "ammo13",
			"from": [7.37, 1.17, 7.1],
			"to": [7.63, 1.43, 7.7],
			"rotation": {"angle": -22.5, "axis": "x", "origin": [8, 5.5, 5]},
			"faces": {
				"north": {"uv": [11.625, 3, 12.625, 4], "texture": "#tokarev_gun"},
				"east": {"uv": [10.5, 3, 11.5, 4], "texture": "#tokarev_gun"},
				"south": {"uv": [10.5, 4.125, 11.5, 5.125], "texture": "#tokarev_gun"},
				"west": {"uv": [10.5, 5.25, 11.5, 6.25], "texture": "#tokarev_gun"},
				"up": {"uv": [11.625, 4.125, 12.625, 5.125], "texture": "#tokarev_gun"},
				"down": {"uv": [11.625, 5.25, 12.625, 6.25], "texture": "#tokarev_gun"}
			}
		},
		{
			"name": "ammo14",
			"from": [7.3, 1.5, 7.3],
			"to": [7.7, 1.9, 8.3],
			"rotation": {"angle": -22.5, "axis": "x", "origin": [8, 5.5, 5]},
			"faces": {
				"north": {"uv": [13.75, 11.5, 14.75, 12.5], "texture": "#tokarev_gun"},
				"east": {"uv": [13.75, 12.875, 14.75, 13.875], "texture": "#tokarev_gun"},
				"south": {"uv": [12.5, 11.5, 13.5, 12.5], "texture": "#tokarev_gun"},
				"west": {"uv": [15, 12.875, 16, 13.875], "texture": "#tokarev_gun"},
				"up": {"uv": [15, 11.5, 16, 12.5], "texture": "#tokarev_gun"},
				"down": {"uv": [12.5, 12.875, 13.5, 13.875], "texture": "#tokarev_gun"}
			}
		},
		{
			"name": "ammo14",
			"from": [7.4, 1.64, 6.9],
			"to": [7.6, 1.84, 7.7],
			"rotation": {"angle": -22.5, "axis": "x", "origin": [8, 5.5, 5]},
			"faces": {
				"north": {"uv": [11.125, 9.375, 12.125, 10.375], "texture": "#tokarev_gun"},
				"east": {"uv": [10, 8.25, 11, 9.25], "texture": "#tokarev_gun"},
				"south": {"uv": [15, 0, 16, 1], "texture": "#tokarev_gun"},
				"west": {"uv": [11.125, 10.5, 12.125, 11.5], "texture": "#tokarev_gun"},
				"up": {"uv": [10, 10.5, 11, 11.5], "texture": "#tokarev_gun"},
				"down": {"uv": [10, 9.375, 11, 10.375], "texture": "#tokarev_gun"}
			}
		},
		{
			"name": "ammo14",
			"from": [7.37, 1.6, 7.1],
			"to": [7.63, 1.86, 7.7],
			"rotation": {"angle": -22.5, "axis": "x", "origin": [8, 5.5, 5]},
			"faces": {
				"north": {"uv": [11.625, 3, 12.625, 4], "texture": "#tokarev_gun"},
				"east": {"uv": [10.5, 3, 11.5, 4], "texture": "#tokarev_gun"},
				"south": {"uv": [10.5, 4.125, 11.5, 5.125], "texture": "#tokarev_gun"},
				"west": {"uv": [10.5, 5.25, 11.5, 6.25], "texture": "#tokarev_gun"},
				"up": {"uv": [11.625, 4.125, 12.625, 5.125], "texture": "#tokarev_gun"},
				"down": {"uv": [11.625, 5.25, 12.625, 6.25], "texture": "#tokarev_gun"}
			}
		},
		{
			"name": "ammo15",
			"from": [7.4, 2.06, 6.5],
			"to": [7.6, 2.26, 7.3],
			"rotation": {"angle": -22.5, "axis": "x", "origin": [8, 6.5, 5]},
			"faces": {
				"north": {"uv": [11.125, 9.375, 12.125, 10.375], "texture": "#tokarev_gun"},
				"east": {"uv": [10, 8.25, 11, 9.25], "texture": "#tokarev_gun"},
				"south": {"uv": [15, 0, 16, 1], "texture": "#tokarev_gun"},
				"west": {"uv": [11.125, 10.5, 12.125, 11.5], "texture": "#tokarev_gun"},
				"up": {"uv": [10, 10.5, 11, 11.5], "texture": "#tokarev_gun"},
				"down": {"uv": [10, 9.375, 11, 10.375], "texture": "#tokarev_gun"}
			}
		},
		{
			"name": "ammo15",
			"from": [7.37, 2.02, 6.7],
			"to": [7.63, 2.28, 7.3],
			"rotation": {"angle": -22.5, "axis": "x", "origin": [8, 6.5, 5]},
			"faces": {
				"north": {"uv": [11.625, 3, 12.625, 4], "texture": "#tokarev_gun"},
				"east": {"uv": [10.5, 3, 11.5, 4], "texture": "#tokarev_gun"},
				"south": {"uv": [10.5, 4.125, 11.5, 5.125], "texture": "#tokarev_gun"},
				"west": {"uv": [10.5, 5.25, 11.5, 6.25], "texture": "#tokarev_gun"},
				"up": {"uv": [11.625, 4.125, 12.625, 5.125], "texture": "#tokarev_gun"},
				"down": {"uv": [11.625, 5.25, 12.625, 6.25], "texture": "#tokarev_gun"}
			}
		},
		{
			"name": "ammo15",
			"from": [7.3, 1.95, 6.9],
			"to": [7.7, 2.35, 7.9],
			"rotation": {"angle": -22.5, "axis": "x", "origin": [8, 6.5, 5]},
			"faces": {
				"north": {"uv": [13.75, 11.5, 14.75, 12.5], "texture": "#tokarev_gun"},
				"east": {"uv": [13.75, 12.875, 14.75, 13.875], "texture": "#tokarev_gun"},
				"south": {"uv": [12.5, 11.5, 13.5, 12.5], "texture": "#tokarev_gun"},
				"west": {"uv": [15, 12.875, 16, 13.875], "texture": "#tokarev_gun"},
				"up": {"uv": [15, 11.5, 16, 12.5], "texture": "#tokarev_gun"},
				"down": {"uv": [12.5, 12.875, 13.5, 13.875], "texture": "#tokarev_gun"}
			}
		},
		{
			"name": "ammo16",
			"from": [7.37, 2.42, 6.7],
			"to": [7.63, 2.68, 7.3],
			"rotation": {"angle": -22.5, "axis": "x", "origin": [8, 6.5, 5]},
			"faces": {
				"north": {"uv": [11.625, 3, 12.625, 4], "texture": "#tokarev_gun"},
				"east": {"uv": [10.5, 3, 11.5, 4], "texture": "#tokarev_gun"},
				"south": {"uv": [10.5, 4.125, 11.5, 5.125], "texture": "#tokarev_gun"},
				"west": {"uv": [10.5, 5.25, 11.5, 6.25], "texture": "#tokarev_gun"},
				"up": {"uv": [11.625, 4.125, 12.625, 5.125], "texture": "#tokarev_gun"},
				"down": {"uv": [11.625, 5.25, 12.625, 6.25], "texture": "#tokarev_gun"}
			}
		},
		{
			"name": "ammo16",
			"from": [7.4, 2.45, 6.5],
			"to": [7.6, 2.65, 7.3],
			"rotation": {"angle": -22.5, "axis": "x", "origin": [8, 6.5, 5]},
			"faces": {
				"north": {"uv": [11.125, 9.375, 12.125, 10.375], "texture": "#tokarev_gun"},
				"east": {"uv": [10, 8.25, 11, 9.25], "texture": "#tokarev_gun"},
				"south": {"uv": [15, 0, 16, 1], "texture": "#tokarev_gun"},
				"west": {"uv": [11.125, 10.5, 12.125, 11.5], "texture": "#tokarev_gun"},
				"up": {"uv": [10, 10.5, 11, 11.5], "texture": "#tokarev_gun"},
				"down": {"uv": [10, 9.375, 11, 10.375], "texture": "#tokarev_gun"}
			}
		},
		{
			"name": "ammo16",
			"from": [7.3, 2.35, 6.9],
			"to": [7.7, 2.75, 7.9],
			"rotation": {"angle": -22.5, "axis": "x", "origin": [8, 6.5, 5]},
			"faces": {
				"north": {"uv": [13.75, 11.5, 14.75, 12.5], "texture": "#tokarev_gun"},
				"east": {"uv": [13.75, 12.875, 14.75, 13.875], "texture": "#tokarev_gun"},
				"south": {"uv": [12.5, 11.5, 13.5, 12.5], "texture": "#tokarev_gun"},
				"west": {"uv": [15, 12.875, 16, 13.875], "texture": "#tokarev_gun"},
				"up": {"uv": [15, 11.5, 16, 12.5], "texture": "#tokarev_gun"},
				"down": {"uv": [12.5, 12.875, 13.5, 13.875], "texture": "#tokarev_gun"}
			}
		},
		{
			"name": "ammo17",
			"from": [7.3, 2.8, 6.5],
			"to": [7.7, 3.2, 7.5],
			"rotation": {"angle": -22.5, "axis": "x", "origin": [8, 7.5, 5]},
			"faces": {
				"north": {"uv": [13.75, 11.5, 14.75, 12.5], "texture": "#tokarev_gun"},
				"east": {"uv": [13.75, 12.875, 14.75, 13.875], "texture": "#tokarev_gun"},
				"south": {"uv": [12.5, 11.5, 13.5, 12.5], "texture": "#tokarev_gun"},
				"west": {"uv": [15, 12.875, 16, 13.875], "texture": "#tokarev_gun"},
				"up": {"uv": [15, 11.5, 16, 12.5], "texture": "#tokarev_gun"},
				"down": {"uv": [12.5, 12.875, 13.5, 13.875], "texture": "#tokarev_gun"}
			}
		},
		{
			"name": "ammo17",
			"from": [7.4, 2.89, 6.1],
			"to": [7.6, 3.09, 6.9],
			"rotation": {"angle": -22.5, "axis": "x", "origin": [8, 7.5, 5]},
			"faces": {
				"north": {"uv": [11.125, 9.375, 12.125, 10.375], "texture": "#tokarev_gun"},
				"east": {"uv": [10, 8.25, 11, 9.25], "texture": "#tokarev_gun"},
				"south": {"uv": [15, 0, 16, 1], "texture": "#tokarev_gun"},
				"west": {"uv": [11.125, 10.5, 12.125, 11.5], "texture": "#tokarev_gun"},
				"up": {"uv": [10, 10.5, 11, 11.5], "texture": "#tokarev_gun"},
				"down": {"uv": [10, 9.375, 11, 10.375], "texture": "#tokarev_gun"}
			}
		},
		{
			"name": "ammo17",
			"from": [7.37, 2.86, 6.3],
			"to": [7.63, 3.12, 6.9],
			"rotation": {"angle": -22.5, "axis": "x", "origin": [8, 7.5, 5]},
			"faces": {
				"north": {"uv": [11.625, 3, 12.625, 4], "texture": "#tokarev_gun"},
				"east": {"uv": [10.5, 3, 11.5, 4], "texture": "#tokarev_gun"},
				"south": {"uv": [10.5, 4.125, 11.5, 5.125], "texture": "#tokarev_gun"},
				"west": {"uv": [10.5, 5.25, 11.5, 6.25], "texture": "#tokarev_gun"},
				"up": {"uv": [11.625, 4.125, 12.625, 5.125], "texture": "#tokarev_gun"},
				"down": {"uv": [11.625, 5.25, 12.625, 6.25], "texture": "#tokarev_gun"}
			}
		},
		{
			"name": "ammo18",
			"from": [7.4, 3.36, 5.7],
			"to": [7.6, 3.56, 6.5],
			"rotation": {"angle": -22.5, "axis": "x", "origin": [8, 8.5, 5]},
			"faces": {
				"north": {"uv": [11.125, 9.375, 12.125, 10.375], "texture": "#tokarev_gun"},
				"east": {"uv": [10, 8.25, 11, 9.25], "texture": "#tokarev_gun"},
				"south": {"uv": [15, 0, 16, 1], "texture": "#tokarev_gun"},
				"west": {"uv": [11.125, 10.5, 12.125, 11.5], "texture": "#tokarev_gun"},
				"up": {"uv": [10, 10.5, 11, 11.5], "texture": "#tokarev_gun"},
				"down": {"uv": [10, 9.375, 11, 10.375], "texture": "#tokarev_gun"}
			}
		},
		{
			"name": "ammo18",
			"from": [7.37, 3.34, 5.9],
			"to": [7.63, 3.6, 6.5],
			"rotation": {"angle": -22.5, "axis": "x", "origin": [8, 8.5, 5]},
			"faces": {
				"north": {"uv": [11.625, 3, 12.625, 4], "texture": "#tokarev_gun"},
				"east": {"uv": [10.5, 3, 11.5, 4], "texture": "#tokarev_gun"},
				"south": {"uv": [10.5, 4.125, 11.5, 5.125], "texture": "#tokarev_gun"},
				"west": {"uv": [10.5, 5.25, 11.5, 6.25], "texture": "#tokarev_gun"},
				"up": {"uv": [11.625, 4.125, 12.625, 5.125], "texture": "#tokarev_gun"},
				"down": {"uv": [11.625, 5.25, 12.625, 6.25], "texture": "#tokarev_gun"}
			}
		},
		{
			"name": "ammo18",
			"from": [7.3, 3.26, 6.1],
			"to": [7.7, 3.66, 7.1],
			"rotation": {"angle": -22.5, "axis": "x", "origin": [8, 8.5, 5]},
			"faces": {
				"north": {"uv": [13.75, 11.5, 14.75, 12.5], "texture": "#tokarev_gun"},
				"east": {"uv": [13.75, 12.875, 14.75, 13.875], "texture": "#tokarev_gun"},
				"south": {"uv": [12.5, 11.5, 13.5, 12.5], "texture": "#tokarev_gun"},
				"west": {"uv": [15, 12.875, 16, 13.875], "texture": "#tokarev_gun"},
				"up": {"uv": [15, 11.5, 16, 12.5], "texture": "#tokarev_gun"},
				"down": {"uv": [12.5, 12.875, 13.5, 13.875], "texture": "#tokarev_gun"}
			}
		}
	],
	"display": {
		"thirdperson_righthand": {
			"translation": [0, 3.5, 0.25]
		},
		"thirdperson_lefthand": {
			"translation": [-1, 3.5, 0.25]
		},
		"firstperson_righthand": {
			"translation": [-2.25, 7.75, 4]
		},
		"firstperson_lefthand": {
			"translation": [-2.25, 7.75, 4]
		},
		"ground": {
			"translation": [0, 3, 0]
		},
		"gui": {
			"rotation": [28, 51, 0],
			"translation": [2.25, 6.25, 0],
			"scale": [2, 2, 2]
		},
		"head": {
			"rotation": [0, 36, 90],
			"translation": [-3, 7.5, 3.25]
		},
		"fixed": {
			"rotation": [0, 90, 0],
			"translation": [0, 7.75, -2.5],
			"scale": [2, 2, 2]
		}
	},
	"groups": [
		{
			"name": "ALL",
			"origin": [8, 0, 8],
			"color": 0,
			"nbt": "{}",
			"children": [
				{
					"name": "gun",
					"origin": [-1, 13, -10],
					"color": 1,
					"nbt": "{}",
					"children": [
						0,
						1,
						{
							"name": "1",
							"origin": [-1, 13, -10],
							"color": 2,
							"nbt": "{}",
							"children": [2]
						},
						{
							"name": "base",
							"origin": [7, 13, -2],
							"color": 3,
							"nbt": "{}",
							"children": [3, 4, 5, 6, 7, 8]
						},
						{
							"name": "piston",
							"origin": [-1, 13, -10],
							"color": 4,
							"nbt": "{}",
							"children": [9, 10, 11, 12, 13]
						}
					]
				},
				{
					"name": "mag2",
					"origin": [7, 2, 7],
					"color": 2,
					"nbt": "{}",
					"children": [
						14,
						15,
						{
							"name": "ammunition3",
							"origin": [7, 3.5, 7],
							"color": 3,
							"nbt": "{}",
							"children": [
								{
									"name": "ammo13",
									"origin": [7, 16.5, -3],
									"color": 4,
									"nbt": "{}",
									"children": [16, 17, 18]
								},
								{
									"name": "ammo14",
									"origin": [7, 15.5, -5],
									"color": 5,
									"nbt": "{}",
									"children": [19, 20, 21]
								},
								{
									"name": "ammo15",
									"origin": [7, 16.5, -3],
									"color": 6,
									"nbt": "{}",
									"children": [22, 23, 24]
								},
								{
									"name": "ammo16",
									"origin": [7, 15.5, -5],
									"color": 7,
									"nbt": "{}",
									"children": [25, 26, 27]
								},
								{
									"name": "ammo17",
									"origin": [7, 15.5, -5],
									"color": 8,
									"nbt": "{}",
									"children": [28, 29, 30]
								},
								{
									"name": "ammo18",
									"origin": [7, 16.5, -5],
									"color": 9,
									"nbt": "{}",
									"children": [31, 32, 33]
								}
							]
						}
					]
				}
			]
		}
	]
}