{
	"credit": "Made with Blockbench",
	"textures": {
		"0": "./coin",
		"particle": "./coin"
	},
	"elements": [
		{
			"from": [6, 0.3, 6],
			"to": [10, 0.3, 10],
			"rotation": {"angle": 0, "axis": "y", "origin": [8, 0.3, 8]},
			"faces": {
				"north": {"uv": [0, 0, 4, 0], "texture": "#0"},
				"east": {"uv": [0, 0, 4, 0], "texture": "#0"},
				"south": {"uv": [0, 0, 4, 0], "texture": "#0"},
				"west": {"uv": [0, 0, 4, 0], "texture": "#0"},
				"up": {"uv": [4, 4, 0, 0], "texture": "#0"},
				"down": {"uv": [4, 4, 0, 8], "texture": "#0"}
			}
		},
		{
			"from": [5.5, 0, 6],
			"to": [6, 0.5, 10],
			"rotation": {"angle": 0, "axis": "y", "origin": [4.5, 0, 7]},
			"faces": {
				"north": {"uv": [9, 5, 10, 6], "texture": "#0"},
				"east": {"uv": [0, 8, 4, 9], "texture": "#0"},
				"south": {"uv": [6, 9, 7, 10], "texture": "#0"},
				"west": {"uv": [4, 8, 8, 9], "texture": "#0"},
				"up": {"uv": [9, 12, 8, 8], "texture": "#0"},
				"down": {"uv": [1, 9, 0, 13], "texture": "#0"}
			}
		},
		{
			"from": [10, 0, 6],
			"to": [10.5, 0.5, 10],
			"rotation": {"angle": 0, "axis": "y", "origin": [9, 0, 7]},
			"faces": {
				"north": {"uv": [9, 6, 10, 7], "texture": "#0"},
				"east": {"uv": [9, 0, 13, 1], "texture": "#0"},
				"south": {"uv": [7, 9, 8, 10], "texture": "#0"},
				"west": {"uv": [1, 9, 5, 10], "texture": "#0"},
				"up": {"uv": [10, 5, 9, 1], "texture": "#0"},
				"down": {"uv": [6, 9, 5, 13], "texture": "#0"}
			}
		},
		{
			"from": [5.5, 0, 5.5],
			"to": [10.5, 0.5, 6],
			"rotation": {"angle": 0, "axis": "y", "origin": [6.5, 0, 3.5]},
			"faces": {
				"north": {"uv": [4, 0, 9, 1], "texture": "#0"},
				"east": {"uv": [9, 7, 10, 8], "texture": "#0"},
				"south": {"uv": [4, 1, 9, 2], "texture": "#0"},
				"west": {"uv": [9, 8, 10, 9], "texture": "#0"},
				"up": {"uv": [9, 3, 4, 2], "texture": "#0"},
				"down": {"uv": [9, 3, 4, 4], "texture": "#0"}
			}
		},
		{
			"from": [5.5, 0, 10],
			"to": [10.5, 0.5, 10.5],
			"rotation": {"angle": 0, "axis": "y", "origin": [6.5, 0, 8]},
			"faces": {
				"north": {"uv": [4, 4, 9, 5], "texture": "#0"},
				"east": {"uv": [9, 9, 10, 10], "texture": "#0"},
				"south": {"uv": [4, 5, 9, 6], "texture": "#0"},
				"west": {"uv": [1, 10, 2, 11], "texture": "#0"},
				"up": {"uv": [9, 7, 4, 6], "texture": "#0"},
				"down": {"uv": [9, 7, 4, 8], "texture": "#0"}
			}
		}
	],
	"display": {
		"thirdperson_righthand": {
			"translation": [-0.75, 2.85, 0.75],
			"scale": [0.35, 0.35, 0.35]
		},
		"thirdperson_lefthand": {
			"translation": [-0.75, 2.85, 0.75],
			"scale": [0.35, 0.35, 0.35]
		},
		"firstperson_righthand": {
			"rotation": [61.25, 0, 0],
			"translation": [1.5, 4.25, 4.25]
		},
		"firstperson_lefthand": {
			"rotation": [61.25, 0, 0],
			"translation": [4, 5.25, 4.25]
		},
		"ground": {
			"translation": [0, 3.25, 0],
			"scale": [0.2, 0.2, 0.2]
		},
		"gui": {
			"rotation": [90, 0, 0],
			"translation": [0, 0.25, 0],
			"scale": [2, 2, 2]
		},
		"head": {
			"translation": [0, 17.75, 0]
		},
		"fixed": {
			"rotation": [-90, 0, 0],
			"translation": [0, 0, -8]
		}
	}
}