{
	"credit": "Made with Blockbench",
	"textures": {
		"0": "./luci_boneaxe"
	},
	"elements": [
		{
			"from": [8.2, 1.3, 4.2],
			"to": [9.7, 3.3, 5.7],
			"rotation": {"angle": 22.5, "axis": "x", "origin": [8.2, 1.3, 4.2]},
			"faces": {
				"north": {"uv": [5.5, 8, 6.5, 9], "texture": "#0"},
				"east": {"uv": [6.5, 8, 7.5, 9], "texture": "#0"},
				"south": {"uv": [7.5, 8, 8.5, 9], "texture": "#0"},
				"west": {"uv": [8.5, 5, 9.5, 6], "texture": "#0"},
				"up": {"uv": [9.5, 7, 8.5, 6], "texture": "#0"},
				"down": {"uv": [9.5, 7, 8.5, 8], "texture": "#0"}
			}
		},
		{
			"from": [8.3, 1.15, 5.9],
			"to": [9.8, 3.15, 7.4],
			"rotation": {"angle": -22.5, "axis": "x", "origin": [8.3, 1.15, 5.9]},
			"faces": {
				"north": {"uv": [8.5, 8, 9.5, 9], "texture": "#0"},
				"east": {"uv": [9, 0, 10, 1], "texture": "#0"},
				"south": {"uv": [9, 1, 10, 2], "texture": "#0"},
				"west": {"uv": [9, 2, 10, 3], "texture": "#0"},
				"up": {"uv": [10, 4, 9, 3], "texture": "#0"},
				"down": {"uv": [10, 4, 9, 5], "texture": "#0"}
			}
		},
		{
			"from": [8.3, 2, 5],
			"to": [9.8, 30, 6.5],
			"rotation": {"angle": 0, "axis": "y", "origin": [8.3, 2, 5]},
			"faces": {
				"north": {"uv": [0, 0, 1, 14], "texture": "#0"},
				"east": {"uv": [1, 0, 2, 14], "texture": "#0"},
				"south": {"uv": [2, 0, 3, 14], "texture": "#0"},
				"west": {"uv": [3, 0, 4, 14], "texture": "#0"},
				"up": {"uv": [6.5, 10, 5.5, 9], "texture": "#0", "cullface": "up"},
				"down": {"uv": [7.5, 9, 6.5, 10], "texture": "#0"}
			}
		},
		{
			"from": [7.9, 26.5, 4],
			"to": [10.2, 29, 9],
			"rotation": {"angle": 0, "axis": "y", "origin": [7.9, 26.5, 4]},
			"faces": {
				"north": {"uv": [7, 5, 8, 6.5], "texture": "#0", "cullface": "up"},
				"east": {"uv": [4, 0, 6.5, 1.5], "texture": "#0", "cullface": "up"},
				"south": {"uv": [7, 6.5, 8, 8], "texture": "#0", "cullface": "up"},
				"west": {"uv": [4, 1.5, 6.5, 3], "texture": "#0", "cullface": "up"},
				"up": {"uv": [7.5, 2.5, 6.5, 0], "texture": "#0", "cullface": "up"},
				"down": {"uv": [8, 2.5, 7, 5], "texture": "#0", "cullface": "up"}
			}
		},
		{
			"from": [9, 26.525, 10.3],
			"to": [9.25, 31.775, 13.3],
			"rotation": {"angle": -22.5, "axis": "x", "origin": [9, 26.775, 10.3]},
			"faces": {
				"north": {"uv": [4, 8, 4.5, 10.5], "texture": "#0", "cullface": "up"},
				"east": {"uv": [4, 3, 5.5, 5.5], "texture": "#0", "cullface": "up"},
				"south": {"uv": [4.5, 8, 5, 10.5], "texture": "#0", "cullface": "up"},
				"west": {"uv": [5.5, 3, 7, 5.5], "texture": "#0", "cullface": "up"},
				"up": {"uv": [7, 11.5, 6.5, 10], "texture": "#0", "cullface": "up"},
				"down": {"uv": [7.5, 10, 7, 11.5], "texture": "#0", "cullface": "up"}
			}
		},
		{
			"from": [8.95, 23.975, 8.4],
			"to": [9.3, 29.225, 11.4],
			"rotation": {"angle": 22.5, "axis": "x", "origin": [8.825, 23.975, 8.4]},
			"faces": {
				"north": {"uv": [5, 8, 5.5, 10.5], "texture": "#0", "cullface": "up"},
				"east": {"uv": [4, 5.5, 5.5, 8], "texture": "#0", "cullface": "up"},
				"south": {"uv": [8, 5, 8.5, 7.5], "texture": "#0", "cullface": "up"},
				"west": {"uv": [5.5, 5.5, 7, 8], "texture": "#0", "cullface": "up"},
				"up": {"uv": [8, 11.5, 7.5, 10], "texture": "#0", "cullface": "up"},
				"down": {"uv": [8.5, 10, 8, 11.5], "texture": "#0", "cullface": "up"}
			}
		},
		{
			"from": [8.4, 28.55, 7.75],
			"to": [9.9, 31, 9.25],
			"rotation": {"angle": 22.5, "axis": "x", "origin": [8.4, 28.55, 7.75]},
			"faces": {
				"north": {"uv": [7.5, 9, 8.5, 10], "texture": "#0", "cullface": "up"},
				"east": {"uv": [8.5, 9, 9.5, 10], "texture": "#0", "cullface": "up"},
				"south": {"uv": [9.5, 5, 10.5, 6], "texture": "#0", "cullface": "up"},
				"west": {"uv": [9.5, 6, 10.5, 7], "texture": "#0", "cullface": "up"},
				"up": {"uv": [10.5, 8, 9.5, 7], "texture": "#0", "cullface": "up"},
				"down": {"uv": [10.5, 8, 9.5, 9], "texture": "#0", "cullface": "up"}
			}
		},
		{
			"from": [8.4, 24.55, 8.75],
			"to": [9.9, 27, 10.25],
			"rotation": {"angle": -22.5, "axis": "x", "origin": [8.4, 24.55, 8.75]},
			"faces": {
				"north": {"uv": [9.5, 9, 10.5, 10], "texture": "#0", "cullface": "up"},
				"east": {"uv": [10, 0, 11, 1], "texture": "#0", "cullface": "up"},
				"south": {"uv": [10, 1, 11, 2], "texture": "#0", "cullface": "up"},
				"west": {"uv": [10, 2, 11, 3], "texture": "#0", "cullface": "up"},
				"up": {"uv": [11, 4, 10, 3], "texture": "#0", "cullface": "up"},
				"down": {"uv": [11, 4, 10, 5], "texture": "#0", "cullface": "up"}
			}
		},
		{
			"from": [8.275, 26.625, 8.1],
			"to": [9.775, 28.875, 10.6],
			"rotation": {"angle": 0, "axis": "y", "origin": [8.275, 28.25, 8.1]},
			"faces": {
				"east": {"uv": [7.5, 0, 9, 1], "texture": "#0", "cullface": "up"},
				"south": {"uv": [5.5, 10, 6.5, 11], "texture": "#0", "cullface": "up"},
				"west": {"uv": [7.5, 1, 9, 2], "texture": "#0", "cullface": "up"},
				"up": {"uv": [9, 3.5, 8, 2], "texture": "#0", "cullface": "up"},
				"down": {"uv": [9, 3.5, 8, 5], "texture": "#0", "cullface": "up"}
			}
		}
	],
	"display": {
		"thirdperson_righthand": {
			"rotation": [-3, -180, 0],
			"translation": [0, -4.75, -1],
			"scale": [1, 1.5, 1.14063]
		},
		"thirdperson_lefthand": {
			"rotation": [0, 180, 0],
			"translation": [-1.75, -4.75, -1.25]
		},
		"firstperson_righthand": {
			"rotation": [0, 180, 0],
			"translation": [2, -6.5, 0]
		},
		"firstperson_lefthand": {
			"rotation": [0, 180, 0],
			"translation": [-1, -6.5, 0]
		},
		"ground": {
			"translation": [0, 4.75, 0]
		},
		"gui": {
			"rotation": [90, 59.5, -90],
			"translation": [-1.25, -4, 0],
			"scale": [0.5, 0.5, 0.5]
		},
		"head": {
			"rotation": [64, -21, 1],
			"translation": [0, 0, -23]
		},
		"fixed": {
			"rotation": [26, 0, 34],
			"translation": [16, -26.75, -20.25],
			"scale": [2, 2, 2]
		}
	},
	"groups": [
		{
			"name": "group",
			"origin": [8, 2, 5],
			"color": 0,
			"children": [0, 1, 2]
		},
		{
			"name": "group",
			"origin": [7.9, 27, 4],
			"color": 0,
			"children": [3, 4, 5, 6, 7, 8]
		}
	]
}