{
	"credit": "Made with Blockbench",
	"texture_size": [32, 32],
	"textures": {
		"cocktail_highdreams": "./cocktail_highdreams"
	},
	"elements": [
		{
			"from": [7, 0.32, 6.9],
			"to": [9, 4.32, 7],
			"rotation": {"angle": 0, "axis": "y", "origin": [8, 0, 8]},
			"faces": {
				"north": {"uv": [0, 0, 1, 2], "texture": "#cocktail_highdreams"},
				"east": {"uv": [4, 2, 4.5, 4], "texture": "#cocktail_highdreams"},
				"south": {"uv": [1, 0, 2, 2], "texture": "#cocktail_highdreams"},
				"west": {"uv": [4.5, 2, 5, 4], "texture": "#cocktail_highdreams"},
				"up": {"uv": [9.5, 1.5, 8.5, 1], "texture": "#cocktail_highdreams"},
				"down": {"uv": [9.5, 1.5, 8.5, 2], "texture": "#cocktail_highdreams"}
			}
		},
		{
			"from": [7, 0.32, 9],
			"to": [9, 4.32, 9.1],
			"rotation": {"angle": 0, "axis": "y", "origin": [8, 0, 8]},
			"faces": {
				"north": {"uv": [0, 2, 1, 4], "texture": "#cocktail_highdreams"},
				"east": {"uv": [5, 0, 5.5, 2], "texture": "#cocktail_highdreams"},
				"south": {"uv": [2, 0, 3, 2], "texture": "#cocktail_highdreams"},
				"west": {"uv": [6, 8, 6.5, 10], "texture": "#cocktail_highdreams"},
				"up": {"uv": [3, 9, 2, 8.5], "texture": "#cocktail_highdreams"},
				"down": {"uv": [9.5, 2, 8.5, 2.5], "texture": "#cocktail_highdreams"}
			}
		},
		{
			"from": [9, 0.32, 7],
			"to": [9.1, 4.32, 9],
			"rotation": {"angle": 0, "axis": "y", "origin": [8, 0, 8]},
			"faces": {
				"north": {"uv": [8, 6, 8.5, 8], "texture": "#cocktail_highdreams"},
				"east": {"uv": [2, 2, 3, 4], "texture": "#cocktail_highdreams"},
				"south": {"uv": [6.5, 8, 7, 10], "texture": "#cocktail_highdreams"},
				"west": {"uv": [1, 2, 2, 4], "texture": "#cocktail_highdreams"},
				"up": {"uv": [9.5, 3, 8.5, 2.5], "rotation": 270, "texture": "#cocktail_highdreams"},
				"down": {"uv": [9.5, 3, 8.5, 3.5], "rotation": 90, "texture": "#cocktail_highdreams"}
			}
		},
		{
			"from": [6.9, 0.32, 7],
			"to": [7, 4.32, 9],
			"rotation": {"angle": 0, "axis": "y", "origin": [8, 0, 8]},
			"faces": {
				"north": {"uv": [7, 8, 7.5, 10], "texture": "#cocktail_highdreams"},
				"east": {"uv": [3, 2, 4, 4], "texture": "#cocktail_highdreams"},
				"south": {"uv": [7.5, 8, 8, 10], "texture": "#cocktail_highdreams"},
				"west": {"uv": [3, 0, 4, 2], "texture": "#cocktail_highdreams"},
				"up": {"uv": [9.5, 4, 8.5, 3.5], "rotation": 270, "texture": "#cocktail_highdreams"},
				"down": {"uv": [9.5, 4, 8.5, 4.5], "rotation": 90, "texture": "#cocktail_highdreams"}
			}
		},
		{
			"from": [7, 0.4, 7],
			"to": [9, 3.9, 9],
			"rotation": {"angle": 0, "axis": "y", "origin": [8, 0, 8]},
			"faces": {
				"north": {"uv": [0, 4, 1, 6], "texture": "#cocktail_highdreams"},
				"east": {"uv": [4, 0, 5, 2], "texture": "#cocktail_highdreams"},
				"south": {"uv": [1, 4, 2, 6], "texture": "#cocktail_highdreams"},
				"west": {"uv": [2, 4, 3, 6], "texture": "#cocktail_highdreams"},
				"up": {"uv": [4, 5, 3, 4], "texture": "#cocktail_highdreams"},
				"down": {"uv": [5, 4, 4, 5], "texture": "#cocktail_highdreams"}
			}
		},
		{
			"from": [8.55, 3.55, 7.8],
			"to": [10.05, 5.05, 8.1],
			"rotation": {"angle": -22.5, "axis": "y", "origin": [8, 0, 8]},
			"faces": {
				"north": {"uv": [5, 2, 6, 3], "texture": "#cocktail_highdreams"},
				"east": {"uv": [8.5, 4.5, 9, 5.5], "texture": "#cocktail_highdreams"},
				"south": {"uv": [8, 8, 9, 9], "texture": "#cocktail_highdreams"},
				"west": {"uv": [8.5, 5.5, 9, 6.5], "texture": "#cocktail_highdreams"},
				"up": {"uv": [9.5, 7, 8.5, 6.5], "texture": "#cocktail_highdreams"},
				"down": {"uv": [9.5, 7, 8.5, 7.5], "texture": "#cocktail_highdreams"}
			}
		},
		{
			"from": [7, 0, 7],
			"to": [9, 0.4, 9],
			"rotation": {"angle": 0, "axis": "y", "origin": [8, 0, 8]},
			"faces": {
				"north": {"uv": [8.5, 7.5, 9.5, 8], "texture": "#cocktail_highdreams"},
				"east": {"uv": [0, 9, 1, 9.5], "texture": "#cocktail_highdreams"},
				"south": {"uv": [2, 9, 3, 9.5], "texture": "#cocktail_highdreams"},
				"west": {"uv": [3, 9, 4, 9.5], "texture": "#cocktail_highdreams"},
				"up": {"uv": [9.5, 1, 8.5, 0], "texture": "#cocktail_highdreams"},
				"down": {"uv": [2, 8.5, 1, 9.5], "texture": "#cocktail_highdreams"}
			}
		}
	],
	"display": {
		"thirdperson_righthand": {
			"rotation": [65, 0, 0],
			"translation": [0, 3.25, 6]
		},
		"thirdperson_lefthand": {
			"rotation": [65, 0, 0],
			"translation": [0, 3.5, 6]
		},
		"firstperson_righthand": {
			"translation": [0, 8.25, 1.75],
			"scale": [1.2, 1.2, 1.2]
		},
		"firstperson_lefthand": {
			"rotation": [0, 180, 0],
			"translation": [0, 8.25, 1.75],
			"scale": [1.2, 1.2, 1.2]
		},
		"ground": {
			"translation": [0, 4.5, 0]
		},
		"gui": {
			"rotation": [17, 55, 0],
			"translation": [0, 7.75, 0],
			"scale": [1.5, 1.5, 1.5]
		},
		"head": {
			"translation": [0, 17.5, 0],
			"scale": [1.4, 1.4, 1.4]
		},
		"fixed": {
			"rotation": [-90, 0, 0],
			"translation": [0, 0, -16],
			"scale": [2, 2, 2]
		}
	}
}