{
	"credit": "Made with Blockbench",
	"textures": {
		"angelblood": "block/angelblood"
	},
	"elements": [
		{
			"from": [7, 0, 7],
			"to": [9, 5, 9],
			"rotation": {"angle": 0, "axis": "y", "origin": [8, 0, 8]},
			"faces": {
				"north": {"uv": [0, 0, 2, 5], "texture": "#angelblood"},
				"east": {"uv": [2, 0, 4, 5], "texture": "#angelblood"},
				"south": {"uv": [4, 0, 6, 5], "texture": "#angelblood"},
				"west": {"uv": [0, 5, 2, 10], "texture": "#angelblood"},
				"up": {"uv": [4, 7, 2, 5], "texture": "#angelblood"},
				"down": {"uv": [6, 5, 4, 7], "texture": "#angelblood"}
			}
		},
		{
			"from": [7.5, 5, 7.5],
			"to": [8.5, 8, 8.5],
			"rotation": {"angle": 0, "axis": "y", "origin": [8, 0, 8]},
			"faces": {
				"north": {"uv": [6, 0, 7, 3], "texture": "#angelblood"},
				"east": {"uv": [6, 3, 7, 6], "texture": "#angelblood"},
				"south": {"uv": [6, 6, 7, 9], "texture": "#angelblood"},
				"west": {"uv": [7, 0, 8, 3], "texture": "#angelblood"},
				"up": {"uv": [3, 8, 2, 7], "texture": "#angelblood"},
				"down": {"uv": [4, 7, 3, 8], "texture": "#angelblood"}
			}
		},
		{
			"from": [7.6, 7.8, 7.6],
			"to": [8.4, 8.8, 8.4],
			"rotation": {"angle": 0, "axis": "y", "origin": [8, 0, 8]},
			"faces": {
				"north": {"uv": [7, 3, 8, 4], "texture": "#angelblood"},
				"east": {"uv": [4, 7, 5, 8], "texture": "#angelblood"},
				"south": {"uv": [7, 4, 8, 5], "texture": "#angelblood"},
				"west": {"uv": [5, 7, 6, 8], "texture": "#angelblood"},
				"up": {"uv": [8, 6, 7, 5], "texture": "#angelblood"},
				"down": {"uv": [8, 6, 7, 7], "texture": "#angelblood"}
			}
		}
	],
	"display": {
		"thirdperson_righthand": {
			"translation": [0, 4.5, 0]
		},
		"thirdperson_lefthand": {
			"translation": [0, 4.5, 0]
		},
		"firstperson_righthand": {
			"translation": [0.75, 5.25, 0.25]
		},
		"firstperson_lefthand": {
			"translation": [2.75, 6, 0]
		},
		"ground": {
			"translation": [0, 4.5, 0]
		},
		"gui": {
			"rotation": [16, 58, 0],
			"translation": [0, 5.5, 0],
			"scale": [1.5, 1.5, 1.5]
		},
		"head": {
			"translation": [0, 16.25, 0],
			"scale": [1.2, 1.2, 1.2]
		},
		"fixed": {
			"rotation": [-90, 0, 0],
			"translation": [0, 0, -19.25],
			"scale": [2.5, 2.5, 2.5]
		}
	}
}