{
	"credit": "Made with Blockbench",
	"textures": {
		"rumdeadadv": "block/rumdeadadv"
	},
	"elements": [
		{
			"from": [6, 0, 7],
			"to": [9, 0.5, 10],
			"rotation": {"angle": 0, "axis": "y", "origin": [8, 0, 8]},
			"faces": {
				"north": {"uv": [12, 4, 15, 5], "texture": "#rumdeadadv"},
				"east": {"uv": [12, 5, 15, 6], "texture": "#rumdeadadv"},
				"south": {"uv": [12, 6, 15, 7], "texture": "#rumdeadadv"},
				"west": {"uv": [12, 7, 15, 8], "texture": "#rumdeadadv"},
				"up": {"uv": [9, 3, 6, 0], "texture": "#rumdeadadv"},
				"down": {"uv": [9, 3, 6, 6], "texture": "#rumdeadadv"}
			}
		},
		{
			"from": [8.4, 0.5, 7.5],
			"to": [9, 4.5, 9.5],
			"rotation": {"angle": 0, "axis": "y", "origin": [8, 0, 8]},
			"faces": {
				"north": {"uv": [8, 10, 9, 14], "texture": "#rumdeadadv"},
				"east": {"uv": [6, 6, 8, 10], "texture": "#rumdeadadv"},
				"south": {"uv": [10, 8, 11, 12], "texture": "#rumdeadadv"},
				"west": {"uv": [0, 8, 2, 12], "texture": "#rumdeadadv"},
				"up": {"uv": [10, 6, 9, 4], "texture": "#rumdeadadv"},
				"down": {"uv": [14, 0, 13, 2], "texture": "#rumdeadadv"}
			}
		},
		{
			"from": [6, 0.5, 7.5],
			"to": [6.6, 4.5, 9.5],
			"rotation": {"angle": 0, "axis": "y", "origin": [8, 0, 8]},
			"faces": {
				"north": {"uv": [9, 10, 10, 14], "texture": "#rumdeadadv"},
				"east": {"uv": [2, 8, 4, 12], "texture": "#rumdeadadv"},
				"south": {"uv": [11, 0, 12, 4], "texture": "#rumdeadadv"},
				"west": {"uv": [4, 8, 6, 12], "texture": "#rumdeadadv"},
				"up": {"uv": [14, 4, 13, 2], "texture": "#rumdeadadv"},
				"down": {"uv": [11, 13, 10, 15], "texture": "#rumdeadadv"}
			}
		},
		{
			"from": [6, 0.5, 7],
			"to": [9, 4.5, 7.6],
			"rotation": {"angle": 0, "axis": "y", "origin": [8, 0, 8]},
			"faces": {
				"north": {"uv": [0, 0, 3, 4], "texture": "#rumdeadadv"},
				"east": {"uv": [11, 8, 12, 12], "texture": "#rumdeadadv"},
				"south": {"uv": [3, 0, 6, 4], "texture": "#rumdeadadv"},
				"west": {"uv": [0, 12, 1, 16], "texture": "#rumdeadadv"},
				"up": {"uv": [15, 9, 12, 8], "texture": "#rumdeadadv"},
				"down": {"uv": [15, 9, 12, 10], "texture": "#rumdeadadv"}
			}
		},
		{
			"from": [6, 0.5, 9.4],
			"to": [9, 4.5, 10],
			"rotation": {"angle": 0, "axis": "y", "origin": [8, 0, 8]},
			"faces": {
				"north": {"uv": [0, 4, 3, 8], "texture": "#rumdeadadv"},
				"east": {"uv": [12, 0, 13, 4], "texture": "#rumdeadadv"},
				"south": {"uv": [3, 4, 6, 8], "texture": "#rumdeadadv"},
				"west": {"uv": [1, 12, 2, 16], "texture": "#rumdeadadv"},
				"up": {"uv": [13, 13, 10, 12], "texture": "#rumdeadadv"},
				"down": {"uv": [15, 10, 12, 11], "texture": "#rumdeadadv"}
			}
		},
		{
			"from": [7, -0.2, 10],
			"to": [8, 0.8, 12],
			"rotation": {"angle": -22.5, "axis": "x", "origin": [8, 0, 8]},
			"faces": {
				"north": {"uv": [5, 14, 6, 15], "texture": "#rumdeadadv"},
				"east": {"uv": [12, 11, 14, 12], "texture": "#rumdeadadv"},
				"south": {"uv": [6, 14, 7, 15], "texture": "#rumdeadadv"},
				"west": {"uv": [11, 13, 13, 14], "texture": "#rumdeadadv"},
				"up": {"uv": [14, 14, 13, 12], "texture": "#rumdeadadv"},
				"down": {"uv": [15, 0, 14, 2], "texture": "#rumdeadadv"}
			}
		},
		{
			"from": [7, 2, 11],
			"to": [8, 4, 12],
			"rotation": {"angle": 0, "axis": "y", "origin": [8, 0, 8]},
			"faces": {
				"north": {"uv": [2, 14, 3, 16], "texture": "#rumdeadadv"},
				"east": {"uv": [14, 2, 15, 4], "texture": "#rumdeadadv"},
				"south": {"uv": [3, 14, 4, 16], "texture": "#rumdeadadv"},
				"west": {"uv": [4, 14, 5, 16], "texture": "#rumdeadadv"},
				"up": {"uv": [8, 15, 7, 14], "texture": "#rumdeadadv"},
				"down": {"uv": [9, 14, 8, 15], "texture": "#rumdeadadv"}
			}
		},
		{
			"from": [7, 3, 10],
			"to": [8, 4, 11],
			"rotation": {"angle": 0, "axis": "y", "origin": [8, 0, 8]},
			"faces": {
				"north": {"uv": [9, 14, 10, 15], "texture": "#rumdeadadv"},
				"east": {"uv": [11, 14, 12, 15], "texture": "#rumdeadadv"},
				"south": {"uv": [14, 11, 15, 12], "texture": "#rumdeadadv"},
				"west": {"uv": [12, 14, 13, 15], "texture": "#rumdeadadv"},
				"up": {"uv": [15, 13, 14, 12], "texture": "#rumdeadadv"},
				"down": {"uv": [14, 14, 13, 15], "texture": "#rumdeadadv"}
			}
		},
		{
			"from": [6.5, 0.5, 7.5],
			"to": [8.5, 4, 9.5],
			"rotation": {"angle": 0, "axis": "y", "origin": [8, 0, 8]},
			"faces": {
				"north": {"uv": [8, 6, 10, 10], "texture": "#rumdeadadv"},
				"east": {"uv": [9, 0, 11, 4], "texture": "#rumdeadadv"},
				"south": {"uv": [10, 4, 12, 8], "texture": "#rumdeadadv"},
				"west": {"uv": [6, 10, 8, 14], "texture": "#rumdeadadv"},
				"up": {"uv": [4, 14, 2, 12], "texture": "#rumdeadadv"},
				"down": {"uv": [6, 12, 4, 14], "texture": "#rumdeadadv"}
			}
		}
	],
	"display": {
		"thirdperson_righthand": {
			"rotation": [64, 0, 0],
			"translation": [0, 4.5, 3.5]
		},
		"thirdperson_lefthand": {
			"rotation": [64, 0, 0],
			"translation": [0, 4.25, 3.75]
		},
		"firstperson_righthand": {
			"translation": [1.5, 7.5, 0]
		},
		"firstperson_lefthand": {
			"translation": [1.5, 6.5, -0.5]
		},
		"ground": {
			"translation": [0, 4.25, 0]
		},
		"gui": {
			"rotation": [21, 56, 0],
			"translation": [0, 7.75, 0],
			"scale": [1.5, 1.5, 1.5]
		},
		"head": {
			"translation": [0.75, 18.25, -0.75],
			"scale": [1.5, 1.5, 1.5]
		},
		"fixed": {
			"rotation": [-90, 0, 0],
			"translation": [1.25, -0.5, -20],
			"scale": [2.5, 2.5, 2.5]
		}
	}
}