{
	"credit": "Made with Blockbench",
	"textures": {
		"vodka_laskoviykiss": "block/vodka_laskoviykiss"
	},
	"elements": [
		{
			"from": [7, 0, 7],
			"to": [9, 4, 9],
			"rotation": {"angle": 0, "axis": "y", "origin": [8, 0, 8]},
			"faces": {
				"north": {"uv": [0, 0, 2, 4], "texture": "#vodka_laskoviykiss"},
				"east": {"uv": [2, 0, 4, 4], "texture": "#vodka_laskoviykiss"},
				"south": {"uv": [0, 4, 2, 8], "texture": "#vodka_laskoviykiss"},
				"west": {"uv": [4, 0, 6, 4], "texture": "#vodka_laskoviykiss"},
				"up": {"uv": [4, 6, 2, 4], "texture": "#vodka_laskoviykiss"},
				"down": {"uv": [6, 4, 4, 6], "texture": "#vodka_laskoviykiss"}
			}
		},
		{
			"from": [7.55, 4, 7.55],
			"to": [8.4, 6, 8.4],
			"rotation": {"angle": 0, "axis": "y", "origin": [8, 0, 8]},
			"faces": {
				"north": {"uv": [6, 0, 7, 2], "texture": "#vodka_laskoviykiss"},
				"east": {"uv": [2, 6, 3, 8], "texture": "#vodka_laskoviykiss"},
				"south": {"uv": [6, 2, 7, 4], "texture": "#vodka_laskoviykiss"},
				"west": {"uv": [3, 6, 4, 8], "texture": "#vodka_laskoviykiss"},
				"up": {"uv": [5, 7, 4, 6], "texture": "#vodka_laskoviykiss"},
				"down": {"uv": [7, 4, 6, 5], "texture": "#vodka_laskoviykiss"}
			}
		},
		{
			"from": [7.39, 6, 7.39],
			"to": [8.57, 6.5, 8.57],
			"rotation": {"angle": 0, "axis": "y", "origin": [8, 0, 8]},
			"faces": {
				"north": {"uv": [5, 6, 6, 7], "texture": "#vodka_laskoviykiss"},
				"east": {"uv": [6, 5, 7, 6], "texture": "#vodka_laskoviykiss"},
				"south": {"uv": [6, 6, 7, 7], "texture": "#vodka_laskoviykiss"},
				"west": {"uv": [7, 0, 8, 1], "texture": "#vodka_laskoviykiss"},
				"up": {"uv": [8, 2, 7, 1], "texture": "#vodka_laskoviykiss"},
				"down": {"uv": [8, 2, 7, 3], "texture": "#vodka_laskoviykiss"}
			}
		}
	],
	"display": {
		"thirdperson_righthand": {
			"translation": [0, 3, 0]
		},
		"thirdperson_lefthand": {
			"translation": [0, 3, 0]
		},
		"firstperson_righthand": {
			"translation": [0.75, 7.25, 2]
		},
		"firstperson_lefthand": {
			"translation": [1.25, 7.5, 1.75]
		},
		"ground": {
			"translation": [0, 4, 0]
		},
		"gui": {
			"rotation": [26, -51, 0],
			"translation": [0, 6.75, 0],
			"scale": [1.5, 1.5, 1.5]
		},
		"head": {
			"translation": [0, 18.5, 0],
			"scale": [1.5, 1.5, 1.5]
		},
		"fixed": {
			"rotation": [-90, 0, 0],
			"translation": [0, 0.5, -20.25],
			"scale": [2.5, 2.5, 2.5]
		}
	}
}