{
	"credit": "Made with Blockbench",
	"textures": {
		"voidtrap_wine": "block/voidtrap_wine",
		"particle": "block/voidtrap_wine"
	},
	"elements": [
		{
			"from": [8, 0, 7],
			"to": [10, 5, 9],
			"faces": {
				"north": {"uv": [0, 0, 2, 5], "texture": "#voidtrap_wine"},
				"east": {"uv": [2, 0, 4, 5], "texture": "#voidtrap_wine"},
				"south": {"uv": [4, 0, 6, 5], "texture": "#voidtrap_wine"},
				"west": {"uv": [0, 5, 2, 10], "texture": "#voidtrap_wine"},
				"up": {"uv": [4, 7, 2, 5], "texture": "#voidtrap_wine"},
				"down": {"uv": [6, 5, 4, 7], "texture": "#voidtrap_wine"}
			}
		},
		{
			"from": [8.5, 5, 7.5],
			"to": [9.5, 7.5, 8.5],
			"faces": {
				"north": {"uv": [6, 0, 7, 3], "texture": "#voidtrap_wine"},
				"east": {"uv": [6, 3, 7, 6], "texture": "#voidtrap_wine"},
				"south": {"uv": [6, 6, 7, 9], "texture": "#voidtrap_wine"},
				"west": {"uv": [7, 0, 8, 3], "texture": "#voidtrap_wine"},
				"up": {"uv": [3, 8, 2, 7], "texture": "#voidtrap_wine"},
				"down": {"uv": [4, 7, 3, 8], "texture": "#voidtrap_wine"}
			}
		},
		{
			"from": [8.4, 7.3, 7.4],
			"to": [9.6, 7.6, 8.6],
			"faces": {
				"north": {"uv": [7, 3, 8, 4], "texture": "#voidtrap_wine"},
				"east": {"uv": [4, 7, 5, 8], "texture": "#voidtrap_wine"},
				"south": {"uv": [7, 4, 8, 5], "texture": "#voidtrap_wine"},
				"west": {"uv": [5, 7, 6, 8], "texture": "#voidtrap_wine"},
				"up": {"uv": [8, 6, 7, 5], "texture": "#voidtrap_wine"},
				"down": {"uv": [8, 6, 7, 7], "texture": "#voidtrap_wine"}
			}
		}
	],
	"display": {
		"thirdperson_righthand": {
			"translation": [-1.25, 3.75, 0]
		},
		"thirdperson_lefthand": {
			"translation": [0.75, 3.75, 0]
		},
		"firstperson_righthand": {
			"rotation": [0, -145, 0],
			"translation": [0.75, 6.75, 0.5]
		},
		"firstperson_lefthand": {
			"rotation": [0, 17, 0],
			"translation": [2.25, 6.75, 0.75]
		},
		"ground": {
			"translation": [0, 4.25, 0]
		},
		"gui": {
			"rotation": [0, -44, -15],
			"translation": [-0.25, 6.25, 0],
			"scale": [1.5, 1.5, 1.5]
		},
		"head": {
			"translation": [-1, 18.5, 0],
			"scale": [1.5, 1.5, 1.5]
		},
		"fixed": {
			"rotation": [-90, 0, 0],
			"translation": [-1.5, 0, -16.5],
			"scale": [2, 2, 2]
		}
	}
}