{
	"credit": "Made with Blockbench",
	"textures": {
		"wiscue_roselove": "block/wiscue_roselove"
	},
	"elements": [
		{
			"from": [7, 0, 7],
			"to": [10, 5, 9],
			"rotation": {"angle": 0, "axis": "y", "origin": [8, 0, 8]},
			"faces": {
				"north": {"uv": [0, 0, 3, 5], "texture": "#wiscue_roselove"},
				"east": {"uv": [0, 5, 2, 10], "texture": "#wiscue_roselove"},
				"south": {"uv": [3, 0, 6, 5], "texture": "#wiscue_roselove"},
				"west": {"uv": [2, 5, 4, 10], "texture": "#wiscue_roselove"},
				"up": {"uv": [7, 7, 4, 5], "texture": "#wiscue_roselove"},
				"down": {"uv": [9, 0, 6, 2], "texture": "#wiscue_roselove"}
			}
		},
		{
			"from": [8, 5, 7.5],
			"to": [9, 6.5, 8.5],
			"rotation": {"angle": 0, "axis": "y", "origin": [8, 0, 8]},
			"faces": {
				"north": {"uv": [7, 4, 8, 6], "texture": "#wiscue_roselove"},
				"east": {"uv": [6, 7, 7, 9], "texture": "#wiscue_roselove"},
				"south": {"uv": [7, 6, 8, 8], "texture": "#wiscue_roselove"},
				"west": {"uv": [8, 2, 9, 4], "texture": "#wiscue_roselove"},
				"up": {"uv": [7, 5, 6, 4], "texture": "#wiscue_roselove"},
				"down": {"uv": [9, 7, 8, 8], "texture": "#wiscue_roselove"}
			}
		},
		{
			"from": [7.72, 6.5, 7.25],
			"to": [9.22, 7.2, 8.75],
			"rotation": {"angle": 0, "axis": "y", "origin": [8, 0, 8]},
			"faces": {
				"north": {"uv": [8, 4, 10, 5], "texture": "#wiscue_roselove"},
				"east": {"uv": [8, 5, 10, 6], "texture": "#wiscue_roselove"},
				"south": {"uv": [8, 6, 10, 7], "texture": "#wiscue_roselove"},
				"west": {"uv": [7, 8, 9, 9], "texture": "#wiscue_roselove"},
				"up": {"uv": [8, 4, 6, 2], "texture": "#wiscue_roselove"},
				"down": {"uv": [6, 7, 4, 9], "texture": "#wiscue_roselove"}
			}
		}
	],
	"display": {
		"thirdperson_righthand": {
			"translation": [0, 2.5, 0]
		},
		"thirdperson_lefthand": {
			"translation": [0, 2.75, 0]
		},
		"firstperson_righthand": {
			"translation": [0.5, 5, 0.75]
		},
		"firstperson_lefthand": {
			"translation": [3, 5.25, 0.25]
		},
		"ground": {
			"translation": [0, 4.25, 0]
		},
		"gui": {
			"rotation": [14, -40, 0],
			"translation": [0, 4.25, 0]
		},
		"head": {
			"rotation": [0, 180, 0],
			"translation": [0.5, 14.5, -0.25]
		},
		"fixed": {
			"rotation": [-90, 0, 0],
			"translation": [-0.5, 0, -16.25],
			"scale": [2, 2, 2]
		}
	}
}