{
	"credit": "Made with Blockbench",
	"textures": {
		"wiscue_dabstep": "block/wiscue_dabstep"
	},
	"elements": [
		{
			"from": [7, 0, 6],
			"to": [9.25, 5, 8.25],
			"rotation": {"angle": 0, "axis": "y", "origin": [8, 0, 8]},
			"faces": {
				"north": {"uv": [0, 0, 2, 5], "texture": "#wiscue_dabstep"},
				"east": {"uv": [2, 0, 4, 5], "texture": "#wiscue_dabstep"},
				"south": {"uv": [4, 0, 6, 5], "texture": "#wiscue_dabstep"},
				"west": {"uv": [0, 5, 2, 10], "texture": "#wiscue_dabstep"},
				"up": {"uv": [4, 7, 2, 5], "texture": "#wiscue_dabstep"},
				"down": {"uv": [6, 5, 4, 7], "texture": "#wiscue_dabstep"}
			}
		},
		{
			"from": [7.625, 5, 6.625],
			"to": [8.625, 6.5, 7.625],
			"rotation": {"angle": 0, "axis": "y", "origin": [8, 0, 8]},
			"faces": {
				"north": {"uv": [6, 4, 7, 6], "texture": "#wiscue_dabstep"},
				"east": {"uv": [6, 6, 7, 8], "texture": "#wiscue_dabstep"},
				"south": {"uv": [2, 7, 3, 9], "texture": "#wiscue_dabstep"},
				"west": {"uv": [3, 7, 4, 9], "texture": "#wiscue_dabstep"},
				"up": {"uv": [8, 8, 7, 7], "texture": "#wiscue_dabstep"},
				"down": {"uv": [9, 0, 8, 1], "texture": "#wiscue_dabstep"}
			}
		},
		{
			"from": [7.625, 6.5, 6.625],
			"to": [8.625, 7.5, 7.625],
			"rotation": {"angle": 0, "axis": "y", "origin": [8, 0, 8]},
			"faces": {
				"north": {"uv": [8, 1, 9, 2], "texture": "#wiscue_dabstep"},
				"east": {"uv": [8, 2, 9, 3], "texture": "#wiscue_dabstep"},
				"south": {"uv": [8, 3, 9, 4], "texture": "#wiscue_dabstep"},
				"west": {"uv": [4, 8, 5, 9], "texture": "#wiscue_dabstep"},
				"up": {"uv": [6, 9, 5, 8], "texture": "#wiscue_dabstep"},
				"down": {"uv": [7, 8, 6, 9], "texture": "#wiscue_dabstep"}
			}
		},
		{
			"from": [7.625, 4.6, 5],
			"to": [8.625, 4.8, 6.37],
			"rotation": {"angle": 22.5, "axis": "x", "origin": [8, 0, 8]},
			"faces": {
				"north": {"uv": [7, 8, 8, 9], "texture": "#wiscue_dabstep"},
				"east": {"uv": [8, 7, 9, 8], "texture": "#wiscue_dabstep"},
				"south": {"uv": [8, 8, 9, 9], "texture": "#wiscue_dabstep"},
				"west": {"uv": [9, 0, 10, 1], "texture": "#wiscue_dabstep"},
				"up": {"uv": [10, 2, 9, 1], "texture": "#wiscue_dabstep"},
				"down": {"uv": [3, 9, 2, 10], "texture": "#wiscue_dabstep"}
			}
		},
		{
			"from": [7.625, 5.3, 8.01],
			"to": [8.625, 5.5, 9.38],
			"rotation": {"angle": -22.5, "axis": "x", "origin": [8, 0, 8]},
			"faces": {
				"north": {"uv": [9, 2, 10, 3], "texture": "#wiscue_dabstep"},
				"east": {"uv": [3, 9, 4, 10], "texture": "#wiscue_dabstep"},
				"south": {"uv": [9, 3, 10, 4], "texture": "#wiscue_dabstep"},
				"west": {"uv": [4, 9, 5, 10], "texture": "#wiscue_dabstep"},
				"up": {"uv": [10, 5, 9, 4], "texture": "#wiscue_dabstep"},
				"down": {"uv": [6, 9, 5, 10], "texture": "#wiscue_dabstep"}
			}
		},
		{
			"from": [9, 5, 6.625],
			"to": [10, 5.2, 7.625],
			"rotation": {"angle": 22.5, "axis": "z", "origin": [8, 0, 8]},
			"faces": {
				"north": {"uv": [9, 5, 10, 6], "texture": "#wiscue_dabstep"},
				"east": {"uv": [6, 9, 7, 10], "texture": "#wiscue_dabstep"},
				"south": {"uv": [9, 6, 10, 7], "texture": "#wiscue_dabstep"},
				"west": {"uv": [7, 9, 8, 10], "texture": "#wiscue_dabstep"},
				"up": {"uv": [10, 8, 9, 7], "texture": "#wiscue_dabstep"},
				"down": {"uv": [9, 9, 8, 10], "texture": "#wiscue_dabstep"}
			}
		},
		{
			"from": [6.25, 5, 6.625],
			"to": [7.25, 5.2, 7.625],
			"rotation": {"angle": -22.5, "axis": "z", "origin": [8, 0, 8]},
			"faces": {
				"north": {"uv": [9, 8, 10, 9], "texture": "#wiscue_dabstep"},
				"east": {"uv": [9, 9, 10, 10], "texture": "#wiscue_dabstep"},
				"south": {"uv": [0, 10, 1, 11], "texture": "#wiscue_dabstep"},
				"west": {"uv": [10, 0, 11, 1], "texture": "#wiscue_dabstep"},
				"up": {"uv": [2, 11, 1, 10], "texture": "#wiscue_dabstep"},
				"down": {"uv": [11, 1, 10, 2], "texture": "#wiscue_dabstep"}
			}
		},
		{
			"from": [7.15, 4.6, 6.15],
			"to": [9.15, 5.14, 8.15],
			"rotation": {"angle": 0, "axis": "y", "origin": [8, 0, 8]},
			"faces": {
				"north": {"uv": [4, 7, 6, 8], "texture": "#wiscue_dabstep"},
				"east": {"uv": [7, 4, 9, 5], "texture": "#wiscue_dabstep"},
				"south": {"uv": [7, 5, 9, 6], "texture": "#wiscue_dabstep"},
				"west": {"uv": [7, 6, 9, 7], "texture": "#wiscue_dabstep"},
				"up": {"uv": [8, 2, 6, 0], "texture": "#wiscue_dabstep"},
				"down": {"uv": [8, 2, 6, 4], "texture": "#wiscue_dabstep"}
			}
		}
	],
	"display": {
		"thirdperson_righthand": {
			"translation": [0, 4.25, 0.5]
		},
		"thirdperson_lefthand": {
			"translation": [0, 4, 0]
		},
		"firstperson_righthand": {
			"rotation": [0, -150, 0],
			"translation": [1.25, 7.75, 0.25]
		},
		"firstperson_lefthand": {
			"rotation": [0, 42, 0],
			"translation": [0, 7.75, 3.5]
		},
		"ground": {
			"translation": [0, 4.75, 0]
		},
		"gui": {
			"rotation": [30, -140, 0],
			"translation": [-0.5, 6.75, 0],
			"scale": [1.5, 1.5, 1.5]
		},
		"head": {
			"rotation": [0, 47, 0],
			"translation": [0.75, 18.5, 1.25],
			"scale": [1.5, 1.5, 1.5]
		},
		"fixed": {
			"rotation": [-90, 0, 0],
			"translation": [0, 0, -16],
			"scale": [2, 2, 2]
		}
	}
}