{
	"credit": "Made with Blockbench",
	"parent": "netherite_sword",
	"textures": {
		"0": "item/1",
		"1": "item/2",
		"2": "item/3",
		"3": "item/4",
		"4": "item/5",
		"5": "item/6",
		"6": "item/7",
		"7": "item/8",
		"8": "item/9",
		"particle": "item/1"
	},
	"elements": [
		{
			"from": [7, 1, 6],
			"to": [8, 10, 7],
			"faces": {
				"north": {"uv": [0, 0, 1, 9], "texture": "#6"},
				"east": {"uv": [1, 0, 2, 9], "texture": "#6"},
				"south": {"uv": [2, 0, 3, 9], "texture": "#6"},
				"west": {"uv": [3, 0, 4, 9], "texture": "#6"},
				"up": {"uv": [5, 1, 4, 0], "texture": "#6"},
				"down": {"uv": [5, 1, 4, 2], "texture": "#6"}
			}
		},
		{
			"from": [6, 8, 5],
			"to": [9, 9, 8],
			"rotation": {"angle": 0, "axis": "y", "origin": [1, 3, 5]},
			"faces": {
				"north": {"uv": [3, 0, 6, 1], "texture": "#7"},
				"east": {"uv": [3, 1, 6, 2], "texture": "#7"},
				"south": {"uv": [3, 2, 6, 3], "texture": "#7"},
				"west": {"uv": [3, 3, 6, 4], "texture": "#7"},
				"up": {"uv": [3, 3, 0, 0], "texture": "#7"},
				"down": {"uv": [3, 3, 0, 6], "texture": "#7"}
			}
		},
		{
			"from": [8.07612, 8.61732, 5],
			"to": [9.07612, 9.61732, 8],
			"rotation": {"angle": 22.5, "axis": "z", "origin": [8.07612, 8.61732, 5]},
			"color": 1,
			"faces": {
				"north": {"uv": [0, 0, 1.25, 1.25], "texture": "#missing"},
				"east": {"uv": [0, 0, 3.75, 1.25], "texture": "#missing"},
				"south": {"uv": [0, 0, 1.25, 1.25], "texture": "#missing"},
				"west": {"uv": [0, 0, 3.75, 1.25], "texture": "#missing"},
				"up": {"uv": [0, 0, 1.25, 3.75], "texture": "#missing"},
				"down": {"uv": [0, 0, 1.25, 3.75], "texture": "#missing"}
			}
		},
		{
			"from": [6, 9, 6],
			"to": [9, 30.1, 7],
			"rotation": {"angle": 0, "axis": "y", "origin": [6, 9, 6]},
			"faces": {
				"north": {"uv": [0, 0, 1.5, 10.5], "texture": "#0"},
				"east": {"uv": [3, 0, 3.5, 10.5], "texture": "#0"},
				"south": {"uv": [1.5, 0, 3, 10.5], "texture": "#0"},
				"west": {"uv": [3.5, 0, 4, 10.5], "texture": "#0"},
				"up": {"uv": [5.5, 0.5, 4, 0], "texture": "#0"},
				"down": {"uv": [5.5, 0.5, 4, 1], "texture": "#0"}
			}
		},
		{
			"from": [5, 9, 6],
			"to": [6, 30, 7],
			"rotation": {"angle": 0, "axis": "y", "origin": [5, 9, 6]},
			"faces": {
				"north": {"uv": [0, 0, 0.5, 10.5], "texture": "#1"},
				"east": {"uv": [0.5, 0, 1, 10.5], "texture": "#1"},
				"south": {"uv": [1, 0, 1.5, 10.5], "texture": "#1"},
				"west": {"uv": [1.5, 0, 2, 10.5], "texture": "#1"},
				"up": {"uv": [2.5, 0.5, 2, 0], "texture": "#1"},
				"down": {"uv": [2.5, 0.5, 2, 1], "texture": "#1"}
			}
		},
		{
			"from": [9.29289, 29.29289, 6],
			"to": [10.29289, 30.29289, 7],
			"rotation": {"angle": 45, "axis": "z", "origin": [9.29289, 29.29289, 6]},
			"faces": {
				"north": {"uv": [0, 0, 1, 1], "texture": "#3"},
				"east": {"uv": [0, 1, 1, 2], "texture": "#3"},
				"south": {"uv": [1, 0, 2, 1], "texture": "#3"},
				"west": {"uv": [1, 1, 2, 2], "texture": "#missing"},
				"up": {"uv": [1, 3, 0, 2], "texture": "#missing"},
				"down": {"uv": [3, 0, 2, 1], "texture": "#missing"}
			}
		},
		{
			"from": [9, 9, 6],
			"to": [10, 30, 7],
			"rotation": {"angle": 0, "axis": "y", "origin": [9, 9, 6]},
			"faces": {
				"north": {"uv": [0, 0, 0.5, 10.5], "texture": "#2"},
				"east": {"uv": [0.5, 0, 1, 10.5], "texture": "#2"},
				"south": {"uv": [1, 0, 1.5, 10.5], "texture": "#2"},
				"west": {"uv": [1.5, 0, 2, 10.5], "texture": "#2"},
				"up": {"uv": [2.5, 0.5, 2, 0], "texture": "#2"},
				"down": {"uv": [2.5, 0.5, 2, 1], "texture": "#2"}
			}
		},
		{
			"from": [5.70711, 30.70711, 6],
			"to": [6.70711, 31.70711, 7],
			"rotation": {"angle": -45, "axis": "z", "origin": [5.70711, 30.70711, 6]},
			"faces": {
				"north": {"uv": [0, 0, 0.5, 0.5], "texture": "#3"},
				"east": {"uv": [0, 0, 1, 1], "texture": "#missing"},
				"south": {"uv": [0, 0, 0.5, 0.5], "texture": "#3"},
				"west": {"uv": [0, 0, 0.5, 0.5], "texture": "#3"},
				"up": {"uv": [0, 0, 1, 1], "texture": "#missing"},
				"down": {"uv": [0, 0, 1, 1], "texture": "#missing"}
			}
		},
		{
			"from": [7.87868, 30.70711, 6],
			"to": [8.87868, 31.70711, 7],
			"rotation": {"angle": 45, "axis": "z", "origin": [7.87868, 30.70711, 6]},
			"faces": {
				"north": {"uv": [0, 0, 0.5, 0.5], "texture": "#3"},
				"east": {"uv": [0, 0, 0.5, 0.5], "texture": "#3"},
				"south": {"uv": [0, 0, 0.5, 0.5], "texture": "#3"},
				"west": {"uv": [0, 0, 1, 1], "texture": "#missing"},
				"up": {"uv": [0, 0, 1, 1], "texture": "#missing"},
				"down": {"uv": [0, 0, 1, 1], "texture": "#missing"}
			}
		},
		{
			"from": [7.17157, 31, 6],
			"to": [8.17157, 31.95, 7],
			"rotation": {"angle": 45, "axis": "z", "origin": [7.17157, 31.41421, 6]},
			"faces": {
				"north": {"uv": [0, 0, 1, 1], "texture": "#3"},
				"east": {"uv": [0, 1, 1, 2], "texture": "#3"},
				"south": {"uv": [1, 0, 2, 1], "texture": "#3"},
				"west": {"uv": [1, 1, 2, 2], "texture": "#missing"},
				"up": {"uv": [1, 3, 0, 2], "texture": "#3"},
				"down": {"uv": [3, 0, 2, 1], "texture": "#missing"}
			}
		},
		{
			"from": [8.07612, 8.61732, 5],
			"to": [9.07612, 9.61732, 8],
			"rotation": {"angle": 22.5, "axis": "z", "origin": [8.07612, 8.61732, 5]},
			"faces": {
				"north": {"uv": [2, 2, 3, 3], "texture": "#8"},
				"east": {"uv": [0, 0, 3, 1], "texture": "#8"},
				"south": {"uv": [3, 0, 4, 1], "texture": "#7"},
				"west": {"uv": [0, 1, 3, 2], "texture": "#8"},
				"up": {"uv": [1, 5, 0, 2], "texture": "#7"},
				"down": {"uv": [2, 2, 1, 5], "texture": "#missing"}
			}
		},
		{
			"from": [6, 9, 5],
			"to": [7, 10, 8],
			"rotation": {"angle": -22.5, "axis": "z", "origin": [6, 9, 5]},
			"faces": {
				"north": {"uv": [2, 2, 3, 3], "texture": "#8"},
				"east": {"uv": [0, 0, 3, 1], "texture": "#8"},
				"south": {"uv": [3, 0, 4, 1], "texture": "#8"},
				"west": {"uv": [0, 1, 3, 2], "texture": "#8"},
				"up": {"uv": [1, 5, 0, 2], "texture": "#7"},
				"down": {"uv": [2, 2, 1, 5], "texture": "#8"}
			}
		},
		{
			"from": [7.1, 9.63, 5],
			"to": [7.9, 10.63, 8],
			"rotation": {"angle": 0, "axis": "y", "origin": [7, 10, 5]},
			"faces": {
				"north": {"uv": [0, 0, 0.4, 0.5], "texture": "#8"},
				"east": {"uv": [0, 0, 3, 1], "texture": "#missing"},
				"south": {"uv": [0, 0, 0.4, 0.5], "texture": "#8"},
				"west": {"uv": [0, 0, 3, 1], "texture": "#missing"},
				"up": {"uv": [0, 0, 0.4, 1.5], "texture": "#8"},
				"down": {"uv": [0, 0, 0.8, 3], "texture": "#missing"}
			}
		},
		{
			"from": [7, 9, 5],
			"to": [8, 10, 8],
			"rotation": {"angle": 0, "axis": "y", "origin": [7, 9, 5]},
			"faces": {
				"north": {"uv": [0, 0, 0.625, 0.625], "texture": "#8"},
				"east": {"uv": [0, 0, 3.75, 1.25], "texture": "#7"},
				"south": {"uv": [0, 0, 0.625, 0.625], "texture": "#8"},
				"west": {"uv": [0, 0, 3.75, 1.25], "texture": "#8"},
				"up": {"uv": [0, 0, 1.25, 3.75], "texture": "#8"},
				"down": {"uv": [0, 0, 1.25, 3.75], "texture": "#missing"}
			}
		},
		{
			"from": [-1.61732, 13.23759, 5],
			"to": [-0.61732, 14.23759, 6],
			"rotation": {"angle": -45, "axis": "z", "origin": [-1.61732, 1.92388, -3]},
			"color": 0,
			"faces": {
				"north": {"uv": [0, 0, 1.25, 1.25], "texture": "#missing"},
				"east": {"uv": [0, 0, 1.25, 1.25], "texture": "#missing"},
				"south": {"uv": [0, 0, 1.25, 1.25], "texture": "#missing"},
				"west": {"uv": [0, 0, 1.25, 1.25], "texture": "#missing"},
				"up": {"uv": [0, 0, 1.25, 1.25], "texture": "#missing"},
				"down": {"uv": [0, 0, 1.25, 1.25], "texture": "#missing"}
			}
		},
		{
			"from": [7.91021, 9.21677, 5],
			"to": [8.91021, 10.21677, 8],
			"rotation": {"angle": 45, "axis": "z", "origin": [7.91021, 9.21677, 5]},
			"faces": {
				"north": {"uv": [0, 0, 0.5, 0.5], "texture": "#8"},
				"east": {"uv": [0, 0, 1.875, 0.625], "texture": "#8"},
				"south": {"uv": [0, 0, 0.625, 0.625], "texture": "#8"},
				"west": {"uv": [0, 0, 3.75, 1.25], "texture": "#8"},
				"up": {"uv": [0, 0, 1.25, 3.75], "texture": "#7"},
				"down": {"uv": [0, 0, 1.25, 3.75], "texture": "#missing"}
			}
		},
		{
			"from": [7, 0, 5.75],
			"to": [8, 1, 7.25],
			"rotation": {"angle": 0, "axis": "y", "origin": [7, 0, 6]},
			"faces": {
				"north": {"uv": [1, 2, 2, 3], "texture": "#5"},
				"east": {"uv": [0, 0, 1.5, 1], "texture": "#5"},
				"south": {"uv": [2, 2, 3, 3], "texture": "#5"},
				"west": {"uv": [0, 1, 1.5, 2], "texture": "#5"},
				"up": {"uv": [1, 3.5, 0, 2], "texture": "#5"},
				"down": {"uv": [3, 0, 2, 1.5], "texture": "#5"}
			}
		},
		{
			"from": [6.75, 0, 6],
			"to": [8.25, 1, 7],
			"rotation": {"angle": 0, "axis": "y", "origin": [6, 0, 6]},
			"faces": {
				"north": {"uv": [0, 0, 1.5, 1], "texture": "#4"},
				"east": {"uv": [2, 1, 3, 2], "texture": "#4"},
				"south": {"uv": [0, 1, 1.5, 2], "texture": "#4"},
				"west": {"uv": [2, 2, 3, 3], "texture": "#4"},
				"up": {"uv": [1.5, 3, 0, 2], "texture": "#4"},
				"down": {"uv": [3.5, 0, 2, 1], "texture": "#4"}
			}
		},
		{
			"from": [6.38268, 9.92388, 5],
			"to": [7.38268, 10.92388, 8],
			"rotation": {"angle": -45, "axis": "z", "origin": [6.38268, 9.92388, 7]},
			"faces": {
				"north": {"uv": [0, 0, 0.625, 0.625], "texture": "#8"},
				"east": {"uv": [0, 0, 3.75, 1.25], "texture": "#8"},
				"south": {"uv": [0, 0, 0.625, 0.625], "texture": "#8"},
				"west": {"uv": [0, 0, 1.875, 0.625], "texture": "#8"},
				"up": {"uv": [0, 0, 1.25, 3.75], "texture": "#8"},
				"down": {"uv": [0, 0, 1.25, 3.75], "texture": "#missing"}
			}
		},
		{
			"from": [5, 30, 6],
			"to": [6, 31, 7],
			"rotation": {"angle": -45, "axis": "z", "origin": [5, 30, 6]},
			"faces": {
				"north": {"uv": [0, 0, 1, 1], "texture": "#3"},
				"east": {"uv": [0, 1, 1, 2], "texture": "#3"},
				"south": {"uv": [1, 0, 2, 1], "texture": "#3"},
				"west": {"uv": [1, 1, 2, 2], "texture": "#3"},
				"up": {"uv": [1, 3, 0, 2], "texture": "#3"},
				"down": {"uv": [3, 0, 2, 1], "texture": "#3"}
			}
		},
		{
			"from": [8.53553, 30.53553, 6],
			"to": [9.53553, 31.53553, 7],
			"rotation": {"angle": -45, "axis": "z", "origin": [8.53553, 33.53553, 6]},
			"faces": {
				"north": {"uv": [0, 0, 0.5, 0.5], "texture": "#3"},
				"east": {"uv": [0, 0, 1, 1], "texture": "#missing"},
				"south": {"uv": [0, 0, 0.5, 0.5], "texture": "#2"},
				"west": {"uv": [0, 0, 0.5, 0.5], "texture": "#3"},
				"up": {"uv": [0, 0, 1, 1], "texture": "#missing"},
				"down": {"uv": [0, 0, 1, 1], "texture": "#missing"}
			}
		},
		{
			"from": [8.58579, 30, 6],
			"to": [9.58579, 31, 7],
			"rotation": {"angle": 45, "axis": "z", "origin": [8.58579, 30, 6]},
			"faces": {
				"north": {"uv": [0, 0, 0.5, 0.5], "texture": "#3"},
				"east": {"uv": [0, 0, 0.5, 0.5], "texture": "#3"},
				"south": {"uv": [0, 0, 0.5, 0.5], "texture": "#3"},
				"west": {"uv": [0, 0, 1, 1], "texture": "#missing"},
				"up": {"uv": [0, 0, 1, 1], "texture": "#missing"},
				"down": {"uv": [0, 0, 1, 1], "texture": "#missing"}
			}
		},
		{
			"from": [6.41421, 30, 6],
			"to": [7.41421, 31.55, 7],
			"rotation": {"angle": -45, "axis": "z", "origin": [6.41421, 30, 6]},
			"faces": {
				"north": {"uv": [0, 0, 0.5, 0.775], "texture": "#4"},
				"east": {"uv": [0, 0, 1, 1.55], "texture": "#missing"},
				"south": {"uv": [0, 0, 0.5, 0.775], "texture": "#4"},
				"west": {"uv": [0, 0, 1, 1.55], "texture": "#missing"},
				"up": {"uv": [0, 0, 1, 1], "texture": "#missing"},
				"down": {"uv": [0, 0, 1, 1], "texture": "#missing"}
			}
		},
		{
			"from": [7.87868, 29.29289, 6],
			"to": [8.87868, 30.29289, 7],
			"rotation": {"angle": 45, "axis": "z", "origin": [7.87868, 29.29289, 6]},
			"faces": {
				"north": {"uv": [0, 0, 1, 1], "texture": "#4"},
				"east": {"uv": [0, 0, 1, 1], "texture": "#missing"},
				"south": {"uv": [0, 0, 1, 1], "texture": "#4"},
				"west": {"uv": [0, 0, 1, 1], "texture": "#missing"},
				"up": {"uv": [0, 0, 1, 1], "texture": "#missing"},
				"down": {"uv": [0, 0, 1, 1], "texture": "#missing"}
			}
		}
	],
	"display": {
		"thirdperson_righthand": {
			"rotation": [-1, -89, 0],
			"translation": [-1.75, 1.5, 2],
			"scale": [1.26, 1.05, 1.05]
		},
		"thirdperson_lefthand": {
			"rotation": [-110, 0, -29],
			"translation": [-10, -4.75, 12]
		},
		"firstperson_righthand": {
			"rotation": [-1, -85, -1],
			"translation": [-0.5, -0.5, -1]
		},
		"firstperson_lefthand": {
			"rotation": [-2, -106, 2],
			"translation": [-0.25, 0, -1.75]
		},
		"ground": {
			"rotation": [89, -4, 95],
			"translation": [5.75, 0, 0]
		},
		"gui": {
			"rotation": [0, 0, 51],
			"translation": [4.25, -3, 19.75],
			"scale": [0.66, 0.61, 0.63]
		},
		"fixed": {
			"rotation": [0, 0, -33],
			"translation": [-4, -6.5, 0]
		}
	}
}