{
	"credit": "Made with Blockbench",
	"textures": {
		"particle": "./nagasaki",
		"nagasaki": "./nagasaki"
	},
	"elements": [
		{
			"from": [7, 0, 8],
			"to": [8.8, 4, 9.8],
			"faces": {
				"north": {"uv": [0, 0, 2, 4], "texture": "#nagasaki"},
				"east": {"uv": [2, 0, 4, 4], "texture": "#nagasaki"},
				"south": {"uv": [0, 4, 2, 8], "texture": "#nagasaki"},
				"west": {"uv": [4, 0, 6, 4], "texture": "#nagasaki"},
				"up": {"uv": [10, 6, 8, 4], "texture": "#nagasaki"},
				"down": {"uv": [8, 8, 6, 10], "texture": "#nagasaki"}
			}
		},
		{
			"from": [7.8, 0.5, 8.3],
			"to": [8.8, 1.5, 8.7],
			"rotation": {"angle": 22.5, "axis": "z", "origin": [0, 0, 0]},
			"faces": {
				"north": {"uv": [3, 12, 4, 13], "texture": "#nagasaki"},
				"east": {"uv": [12, 3, 13, 4], "texture": "#nagasaki"},
				"south": {"uv": [4, 12, 5, 13], "texture": "#nagasaki"},
				"west": {"uv": [12, 4, 13, 5], "texture": "#nagasaki"},
				"up": {"uv": [6, 13, 5, 12], "texture": "#nagasaki"},
				"down": {"uv": [13, 5, 12, 6], "texture": "#nagasaki"}
			}
		},
		{
			"from": [6.9, 0, 8],
			"to": [7, 4, 9.8],
			"faces": {
				"north": {"uv": [8, 6, 9, 10], "texture": "#nagasaki"},
				"east": {"uv": [2, 4, 4, 8], "texture": "#nagasaki"},
				"south": {"uv": [9, 6, 10, 10], "texture": "#nagasaki"},
				"west": {"uv": [4, 4, 6, 8], "texture": "#nagasaki"},
				"up": {"uv": [10, 12, 9, 10], "texture": "#nagasaki"},
				"down": {"uv": [12, 0, 11, 2], "texture": "#nagasaki"}
			}
		},
		{
			"from": [8.8, 0, 8],
			"to": [8.9, 4, 9.8],
			"faces": {
				"north": {"uv": [10, 0, 11, 4], "texture": "#nagasaki"},
				"east": {"uv": [6, 0, 8, 4], "texture": "#nagasaki"},
				"south": {"uv": [10, 4, 11, 8], "texture": "#nagasaki"},
				"west": {"uv": [6, 4, 8, 8], "texture": "#nagasaki"},
				"up": {"uv": [12, 4, 11, 2], "texture": "#nagasaki"},
				"down": {"uv": [12, 4, 11, 6], "texture": "#nagasaki"}
			}
		},
		{
			"from": [8, 0, 7],
			"to": [8, 1, 8],
			"faces": {
				"north": {"uv": [0, 0, 0, 1], "texture": "#nagasaki"},
				"east": {"uv": [11, 10, 12, 11], "texture": "#nagasaki"},
				"south": {"uv": [0, 0, 0, 1], "texture": "#nagasaki"},
				"west": {"uv": [11, 11, 12, 12], "texture": "#nagasaki"},
				"up": {"uv": [0, 1, 0, 0], "texture": "#nagasaki"},
				"down": {"uv": [0, 0, 0, 1], "texture": "#nagasaki"}
			}
		},
		{
			"from": [8.8, 0, 9],
			"to": [9.8, 1, 9],
			"faces": {
				"north": {"uv": [0, 12, 1, 13], "texture": "#nagasaki"},
				"east": {"uv": [0, 0, 0, 1], "texture": "#nagasaki"},
				"south": {"uv": [12, 0, 13, 1], "texture": "#nagasaki"},
				"west": {"uv": [0, 0, 0, 1], "texture": "#nagasaki"},
				"up": {"uv": [1, 0, 0, 0], "texture": "#nagasaki"},
				"down": {"uv": [1, 0, 0, 0], "texture": "#nagasaki"}
			}
		},
		{
			"from": [8, 0, 9.8],
			"to": [8, 1, 10.8],
			"faces": {
				"north": {"uv": [0, 0, 0, 1], "texture": "#nagasaki"},
				"east": {"uv": [1, 12, 2, 13], "texture": "#nagasaki"},
				"south": {"uv": [0, 0, 0, 1], "texture": "#nagasaki"},
				"west": {"uv": [12, 1, 13, 2], "texture": "#nagasaki"},
				"up": {"uv": [0, 1, 0, 0], "texture": "#nagasaki"},
				"down": {"uv": [0, 0, 0, 1], "texture": "#nagasaki"}
			}
		},
		{
			"from": [6, 0, 9],
			"to": [7, 1, 9],
			"faces": {
				"north": {"uv": [2, 12, 3, 13], "texture": "#nagasaki"},
				"east": {"uv": [0, 0, 0, 1], "texture": "#nagasaki"},
				"south": {"uv": [12, 2, 13, 3], "texture": "#nagasaki"},
				"west": {"uv": [0, 0, 0, 1], "texture": "#nagasaki"},
				"up": {"uv": [1, 0, 0, 0], "texture": "#nagasaki"},
				"down": {"uv": [1, 0, 0, 0], "texture": "#nagasaki"}
			}
		},
		{
			"from": [7, 0, 7.9],
			"to": [8.8, 4, 8],
			"faces": {
				"north": {"uv": [0, 8, 2, 12], "texture": "#nagasaki"},
				"east": {"uv": [6, 10, 7, 14], "texture": "#nagasaki"},
				"south": {"uv": [8, 0, 10, 4], "texture": "#nagasaki"},
				"west": {"uv": [7, 10, 8, 14], "texture": "#nagasaki"},
				"up": {"uv": [13, 7, 11, 6], "texture": "#nagasaki"},
				"down": {"uv": [13, 7, 11, 8], "texture": "#nagasaki"}
			}
		},
		{
			"from": [7, 0, 9.8],
			"to": [8.8, 4, 9.9],
			"faces": {
				"north": {"uv": [2, 8, 4, 12], "texture": "#nagasaki"},
				"east": {"uv": [8, 10, 9, 14], "texture": "#nagasaki"},
				"south": {"uv": [4, 8, 6, 12], "texture": "#nagasaki"},
				"west": {"uv": [10, 8, 11, 12], "texture": "#nagasaki"},
				"up": {"uv": [13, 9, 11, 8], "texture": "#nagasaki"},
				"down": {"uv": [13, 9, 11, 10], "texture": "#nagasaki"}
			}
		}
	],
	"display": {
		"thirdperson_righthand": {
			"rotation": [70, 180, 0],
			"translation": [-0.75, 2, 6.75]
		},
		"thirdperson_lefthand": {
			"rotation": [70, 180, 0],
			"translation": [-0.5, 2, 7.25]
		},
		"firstperson_righthand": {
			"translation": [0, 7.25, 0]
		},
		"firstperson_lefthand": {
			"translation": [0, 7.25, 0]
		},
		"ground": {
			"translation": [0.25, 8.25, -1.25],
			"scale": [1.5, 1.5, 1.5]
		},
		"gui": {
			"rotation": [39, 134, 0],
			"translation": [-1.25, 7.75, 0],
			"scale": [2, 2, 2]
		},
		"head": {
			"translation": [0, 22.5, -2],
			"scale": [2, 2, 2]
		},
		"fixed": {
			"rotation": [-90, 0, 0],
			"translation": [0, -1, -16],
			"scale": [2, 2, 2]
		}
	},
	"groups": [
		0,
		1,
		{
			"name": "group",
			"origin": [0, 0, 0],
			"color": 0,
			"children": [2, 3, 4, 5, 6, 7, 8, 9]
		}
	]
}