{
	"credit": "Made with Blockbench",
	"textures": {
		"huyase": "./huyase",
		"particle": "./huyase"
	},
	"elements": [
		{
			"from": [7, 0, 7],
			"to": [9, 0.2, 9],
			"faces": {
				"north": {"uv": [0, 8, 2, 9], "texture": "#huyase"},
				"east": {"uv": [8, 0, 10, 1], "texture": "#huyase"},
				"south": {"uv": [8, 1, 10, 2], "texture": "#huyase"},
				"west": {"uv": [2, 8, 4, 9], "texture": "#huyase"},
				"up": {"uv": [2, 2, 0, 0], "texture": "#huyase"},
				"down": {"uv": [2, 2, 0, 4], "texture": "#huyase"}
			}
		},
		{
			"from": [7, 0.1, 6.9],
			"to": [9, 2.3, 7],
			"faces": {
				"north": {"uv": [2, 0, 4, 2], "texture": "#huyase"},
				"east": {"uv": [8, 2, 9, 4], "texture": "#huyase"},
				"south": {"uv": [2, 2, 4, 4], "texture": "#huyase"},
				"west": {"uv": [4, 8, 5, 10], "texture": "#huyase"},
				"up": {"uv": [10, 5, 8, 4], "texture": "#huyase"},
				"down": {"uv": [7, 8, 5, 9], "texture": "#huyase"}
			}
		},
		{
			"from": [7, 0.1, 9],
			"to": [9, 2.3, 9.1],
			"faces": {
				"north": {"uv": [0, 4, 2, 6], "texture": "#huyase"},
				"east": {"uv": [8, 5, 9, 7], "texture": "#huyase"},
				"south": {"uv": [4, 0, 6, 2], "texture": "#huyase"},
				"west": {"uv": [7, 8, 8, 10], "texture": "#huyase"},
				"up": {"uv": [10, 8, 8, 7], "texture": "#huyase"},
				"down": {"uv": [10, 8, 8, 9], "texture": "#huyase"}
			}
		},
		{
			"from": [6.9, 0.1, 7],
			"to": [7, 2.3, 9],
			"faces": {
				"north": {"uv": [0, 9, 1, 11], "texture": "#huyase"},
				"east": {"uv": [2, 4, 4, 6], "texture": "#huyase"},
				"south": {"uv": [1, 9, 2, 11], "texture": "#huyase"},
				"west": {"uv": [4, 2, 6, 4], "texture": "#huyase"},
				"up": {"uv": [3, 11, 2, 9], "texture": "#huyase"},
				"down": {"uv": [10, 2, 9, 4], "texture": "#huyase"}
			}
		},
		{
			"from": [9, 0.1, 7],
			"to": [9.1, 2.3, 9],
			"faces": {
				"north": {"uv": [3, 9, 4, 11], "texture": "#huyase"},
				"east": {"uv": [4, 4, 6, 6], "texture": "#huyase"},
				"south": {"uv": [5, 9, 6, 11], "texture": "#huyase"},
				"west": {"uv": [0, 6, 2, 8], "texture": "#huyase"},
				"up": {"uv": [10, 7, 9, 5], "texture": "#huyase"},
				"down": {"uv": [7, 9, 6, 11], "texture": "#huyase"}
			}
		},
		{
			"from": [7, 0.2, 7],
			"to": [9, 2.2, 9],
			"faces": {
				"north": {"uv": [6, 0, 8, 2], "texture": "#huyase"},
				"east": {"uv": [2, 6, 4, 8], "texture": "#huyase"},
				"south": {"uv": [6, 2, 8, 4], "texture": "#huyase"},
				"west": {"uv": [4, 6, 6, 8], "texture": "#huyase"},
				"up": {"uv": [8, 6, 6, 4], "texture": "#huyase"},
				"down": {"uv": [8, 6, 6, 8], "texture": "#huyase"}
			}
		}
	],
	"display": {
		"thirdperson_righthand": {
			"rotation": [70, 0, 0],
			"translation": [-0.5, 3, 6.5]
		},
		"thirdperson_lefthand": {
			"rotation": [70, 0, 0],
			"translation": [-0.5, 3, 6.5]
		},
		"firstperson_righthand": {
			"translation": [0, 7.5, 0]
		},
		"firstperson_lefthand": {
			"translation": [0, 7.5, 0]
		},
		"ground": {
			"translation": [0, 9.25, 0],
			"scale": [1.5, 1.5, 1.5]
		},
		"gui": {
			"rotation": [19, -34, 0],
			"translation": [0, 15.75, 0],
			"scale": [2.5, 2.5, 2.5]
		},
		"head": {
			"translation": [0, 18.5, 0],
			"scale": [1.5, 1.5, 1.5]
		},
		"fixed": {
			"rotation": [-90, 0, 0],
			"translation": [0, 0, -16],
			"scale": [2, 2, 2]
		}
	}
}