{
	"credit": "Made with Blockbench",
	"textures": {
		"coffe": "./coffe",
		"particle": "./coffe"
	},
	"elements": [
		{
			"from": [7, 0, 7],
			"to": [9, 0.2, 9],
			"faces": {
				"north": {"uv": [9, 8, 11, 9], "texture": "#coffe"},
				"east": {"uv": [9, 9, 11, 10], "texture": "#coffe"},
				"south": {"uv": [10, 0, 12, 1], "texture": "#coffe"},
				"west": {"uv": [10, 1, 12, 2], "texture": "#coffe"},
				"up": {"uv": [10, 2, 8, 0], "texture": "#coffe"},
				"down": {"uv": [10, 2, 8, 4], "texture": "#coffe"}
			}
		},
		{
			"from": [7, 0.2, 6.9],
			"to": [9, 3.2, 7],
			"faces": {
				"north": {"uv": [0, 0, 2, 3], "texture": "#coffe"},
				"east": {"uv": [8, 8, 9, 11], "texture": "#coffe"},
				"south": {"uv": [2, 0, 4, 3], "texture": "#coffe"},
				"west": {"uv": [0, 9, 1, 12], "texture": "#coffe"},
				"up": {"uv": [12, 3, 10, 2], "texture": "#coffe"},
				"down": {"uv": [12, 3, 10, 4], "texture": "#coffe"}
			}
		},
		{
			"from": [6.9, 0.2, 7],
			"to": [7, 3.2, 9],
			"faces": {
				"north": {"uv": [1, 9, 2, 12], "texture": "#coffe"},
				"east": {"uv": [0, 3, 2, 6], "texture": "#coffe"},
				"south": {"uv": [2, 9, 3, 12], "texture": "#coffe"},
				"west": {"uv": [2, 3, 4, 6], "texture": "#coffe"},
				"up": {"uv": [8, 11, 7, 9], "texture": "#coffe"},
				"down": {"uv": [11, 4, 10, 6], "texture": "#coffe"}
			}
		},
		{
			"from": [7, 0.2, 9],
			"to": [9, 3.2, 9.1],
			"faces": {
				"north": {"uv": [4, 0, 6, 3], "texture": "#coffe"},
				"east": {"uv": [3, 9, 4, 12], "texture": "#coffe"},
				"south": {"uv": [4, 3, 6, 6], "texture": "#coffe"},
				"west": {"uv": [4, 9, 5, 12], "texture": "#coffe"},
				"up": {"uv": [12, 7, 10, 6], "texture": "#coffe"},
				"down": {"uv": [12, 7, 10, 8], "texture": "#coffe"}
			}
		},
		{
			"from": [9, 0.2, 7],
			"to": [9.1, 3.2, 9],
			"faces": {
				"north": {"uv": [5, 9, 6, 12], "texture": "#coffe"},
				"east": {"uv": [0, 6, 2, 9], "texture": "#coffe"},
				"south": {"uv": [6, 9, 7, 12], "texture": "#coffe"},
				"west": {"uv": [6, 0, 8, 3], "texture": "#coffe"},
				"up": {"uv": [10, 12, 9, 10], "texture": "#coffe"},
				"down": {"uv": [11, 10, 10, 12], "texture": "#coffe"}
			}
		},
		{
			"from": [5.7, 0.8, 7.7],
			"to": [6.7, 1.4, 8.3],
			"rotation": {"angle": -22.5, "axis": "z", "origin": [6, 0, 8]},
			"faces": {
				"north": {"uv": [11, 10, 12, 11], "texture": "#coffe"},
				"east": {"uv": [11, 11, 12, 12], "texture": "#coffe"},
				"south": {"uv": [0, 12, 1, 13], "texture": "#coffe"},
				"west": {"uv": [12, 0, 13, 1], "texture": "#coffe"},
				"up": {"uv": [2, 13, 1, 12], "texture": "#coffe"},
				"down": {"uv": [13, 1, 12, 2], "texture": "#coffe"}
			}
		},
		{
			"from": [6.2, 2.4, 7.7],
			"to": [7.2, 3, 8.3],
			"rotation": {"angle": 0, "axis": "z", "origin": [6, 0, 8]},
			"faces": {
				"north": {"uv": [2, 12, 3, 13], "texture": "#coffe"},
				"east": {"uv": [12, 2, 13, 3], "texture": "#coffe"},
				"south": {"uv": [3, 12, 4, 13], "texture": "#coffe"},
				"west": {"uv": [12, 3, 13, 4], "texture": "#coffe"},
				"up": {"uv": [5, 13, 4, 12], "texture": "#coffe"},
				"down": {"uv": [13, 4, 12, 5], "texture": "#coffe"}
			}
		},
		{
			"from": [5.7, 1, 7.7],
			"to": [6.3, 3, 8.3],
			"rotation": {"angle": 0, "axis": "y", "origin": [6, 0, 8]},
			"faces": {
				"north": {"uv": [11, 4, 12, 6], "texture": "#coffe"},
				"east": {"uv": [7, 11, 8, 13], "texture": "#coffe"},
				"south": {"uv": [8, 11, 9, 13], "texture": "#coffe"},
				"west": {"uv": [11, 8, 12, 10], "texture": "#coffe"},
				"up": {"uv": [6, 13, 5, 12], "texture": "#coffe"},
				"down": {"uv": [13, 5, 12, 6], "texture": "#coffe"}
			}
		},
		{
			"from": [7, 0.2, 7],
			"to": [9, 3.1, 9],
			"faces": {
				"north": {"uv": [2, 6, 4, 9], "texture": "#coffe"},
				"east": {"uv": [6, 3, 8, 6], "texture": "#coffe"},
				"south": {"uv": [4, 6, 6, 9], "texture": "#coffe"},
				"west": {"uv": [6, 6, 8, 9], "texture": "#coffe"},
				"up": {"uv": [10, 6, 8, 4], "texture": "#coffe"},
				"down": {"uv": [10, 6, 8, 8], "texture": "#coffe"}
			}
		}
	],
	"display": {
		"thirdperson_righthand": {
			"rotation": [70, 90, 0],
			"translation": [-0.5, 3.5, 5.5]
		},
		"thirdperson_lefthand": {
			"rotation": [70, -90, 0],
			"translation": [-0.5, 3.5, 5.5]
		},
		"firstperson_righthand": {
			"rotation": [0, 90, 0],
			"translation": [0.75, 13, -0.25],
			"scale": [2, 2, 2]
		},
		"firstperson_lefthand": {
			"rotation": [0, -90, 0],
			"translation": [0.75, 13, -0.25],
			"scale": [2, 2, 2]
		},
		"ground": {
			"translation": [0, 4.25, 0]
		},
		"gui": {
			"rotation": [21, -148, 0],
			"translation": [-0.5, 10.25, 0],
			"scale": [2, 2, 2]
		},
		"head": {
			"translation": [0, 18.25, 0],
			"scale": [1.5, 1.5, 1.5]
		},
		"fixed": {
			"rotation": [-90, 0, 0],
			"translation": [-1.25, 0, -16],
			"scale": [2, 2, 2]
		}
	}
}