{
	"credit": "Made with Blockbench",
	"texture_size": [8, 8],
	"textures": {
		"fivestar": "./fivestar",
		"particle": "./fivestar"
	},
	"elements": [
		{
			"from": [6.5, 0, 6],
			"to": [8.5, 3, 9],
			"faces": {
				"north": {"uv": [6, 0, 10, 6], "texture": "#fivestar"},
				"east": {"uv": [0, 0, 6, 6], "texture": "#fivestar"},
				"south": {"uv": [6, 6, 10, 12], "texture": "#fivestar"},
				"west": {"uv": [0, 6, 6, 12], "texture": "#fivestar"},
				"up": {"uv": [14, 6, 10, 0], "texture": "#fivestar"},
				"down": {"uv": [14, 6, 10, 12], "texture": "#fivestar"}
			}
		},
		{
			"from": [7, 3, 7],
			"to": [8, 4, 8],
			"faces": {
				"north": {"uv": [0, 12, 2, 14], "texture": "#fivestar"},
				"east": {"uv": [2, 12, 4, 14], "texture": "#fivestar"},
				"south": {"uv": [4, 12, 6, 14], "texture": "#fivestar"},
				"west": {"uv": [6, 12, 8, 14], "texture": "#fivestar"},
				"up": {"uv": [10, 14, 8, 12], "texture": "#fivestar"},
				"down": {"uv": [12, 12, 10, 14], "texture": "#fivestar"}
			}
		},
		{
			"from": [6.9, 4, 6.9],
			"to": [8.1, 4.5, 8.1],
			"faces": {
				"north": {"uv": [14, 0, 16, 1], "texture": "#fivestar"},
				"east": {"uv": [2, 14, 4, 15], "texture": "#fivestar"},
				"south": {"uv": [14, 2, 16, 3], "texture": "#fivestar"},
				"west": {"uv": [4, 14, 6, 15], "texture": "#fivestar"},
				"up": {"uv": [14, 14, 12, 12], "texture": "#fivestar"},
				"down": {"uv": [2, 14, 0, 16], "texture": "#fivestar"}
			}
		}
	],
	"display": {
		"thirdperson_righthand": {
			"rotation": [0, 180, 0],
			"translation": [-1.5, 7.75, 0],
			"scale": [1.5, 1.5, 1.5]
		},
		"thirdperson_lefthand": {
			"translation": [-1.5, 7.75, 0],
			"scale": [1.5, 1.5, 1.5]
		},
		"firstperson_righthand": {
			"translation": [-1.25, 8.25, 2]
		},
		"firstperson_lefthand": {
			"translation": [-1.25, 8.25, 2]
		},
		"ground": {
			"translation": [0, 14.5, 0],
			"scale": [2, 2, 2]
		},
		"gui": {
			"rotation": [19, -114, 0],
			"translation": [-1.5, 10.75, 0],
			"scale": [2, 2, 2]
		},
		"head": {
			"rotation": [-180, 90, -180],
			"translation": [0.75, 22.25, 0],
			"scale": [2, 2, 2]
		},
		"fixed": {
			"rotation": [-90, 0, 0],
			"translation": [0, 1.25, -23.75],
			"scale": [3, 3, 3]
		}
	}
}