{
	"credit": "Made with Blockbench",
	"textures": {
		"0": "./blacktea",
		"particle": "./blacktea"
	},
	"elements": [
		{
			"from": [7, 0, 7],
			"to": [9, 0.2, 9],
			"rotation": {"angle": 0, "axis": "y", "origin": [7, 0, 7]},
			"faces": {
				"north": {"uv": [4, 8, 6, 9], "texture": "#0"},
				"east": {"uv": [8, 6, 10, 7], "texture": "#0"},
				"south": {"uv": [8, 7, 10, 8], "texture": "#0"},
				"west": {"uv": [8, 8, 10, 9], "texture": "#0"},
				"up": {"uv": [2, 2, 0, 0], "texture": "#0"},
				"down": {"uv": [2, 2, 0, 4], "texture": "#0"}
			}
		},
		{
			"from": [5.6, 0.1, 6.5],
			"to": [7, 0.3, 9.5],
			"rotation": {"angle": 0, "axis": "y", "origin": [4.6, 0, 6.5]},
			"faces": {
				"north": {"uv": [11, 11, 12, 12], "texture": "#0"},
				"east": {"uv": [6, 4, 9, 5], "texture": "#0"},
				"south": {"uv": [0, 12, 1, 13], "texture": "#0"},
				"west": {"uv": [6, 5, 9, 6], "texture": "#0"},
				"up": {"uv": [7, 9, 6, 6], "texture": "#0"},
				"down": {"uv": [8, 6, 7, 9], "texture": "#0"}
			}
		},
		{
			"from": [9, 0.1, 6.5],
			"to": [10.4, 0.3, 9.5],
			"rotation": {"angle": 0, "axis": "y", "origin": [8, 0, 6.5]},
			"faces": {
				"north": {"uv": [1, 12, 2, 13], "texture": "#0"},
				"east": {"uv": [0, 8, 3, 9], "texture": "#0"},
				"south": {"uv": [12, 1, 13, 2], "texture": "#0"},
				"west": {"uv": [8, 0, 11, 1], "texture": "#0"},
				"up": {"uv": [9, 4, 8, 1], "texture": "#0"},
				"down": {"uv": [4, 8, 3, 11], "texture": "#0"}
			}
		},
		{
			"from": [7, 0.1, 5.6],
			"to": [9, 0.3, 7],
			"rotation": {"angle": 0, "axis": "y", "origin": [7, 0, 5.6]},
			"faces": {
				"north": {"uv": [0, 9, 2, 10], "texture": "#0"},
				"east": {"uv": [12, 2, 13, 3], "texture": "#0"},
				"south": {"uv": [9, 1, 11, 2], "texture": "#0"},
				"west": {"uv": [3, 12, 4, 13], "texture": "#0"},
				"up": {"uv": [11, 3, 9, 2], "texture": "#0"},
				"down": {"uv": [11, 3, 9, 4], "texture": "#0"}
			}
		},
		{
			"from": [7, 0.1, 9],
			"to": [9, 0.3, 10.4],
			"rotation": {"angle": 0, "axis": "y", "origin": [7, 0, 9]},
			"faces": {
				"north": {"uv": [4, 9, 6, 10], "texture": "#0"},
				"east": {"uv": [4, 12, 5, 13], "texture": "#0"},
				"south": {"uv": [9, 4, 11, 5], "texture": "#0"},
				"west": {"uv": [12, 4, 13, 5], "texture": "#0"},
				"up": {"uv": [11, 6, 9, 5], "texture": "#0"},
				"down": {"uv": [8, 9, 6, 10], "texture": "#0"}
			}
		},
		{
			"from": [6, 0.1, 6],
			"to": [7, 0.3, 6.5],
			"rotation": {"angle": 0, "axis": "y", "origin": [5, 0, 5]},
			"faces": {
				"north": {"uv": [12, 5, 13, 6], "texture": "#0"},
				"east": {"uv": [12, 6, 13, 7], "texture": "#0"},
				"south": {"uv": [12, 7, 13, 8], "texture": "#0"},
				"west": {"uv": [12, 8, 13, 9], "texture": "#0"},
				"up": {"uv": [13, 10, 12, 9], "texture": "#0"},
				"down": {"uv": [13, 10, 12, 11], "texture": "#0"}
			}
		},
		{
			"from": [6, 0.1, 9.5],
			"to": [7, 0.3, 10],
			"rotation": {"angle": 0, "axis": "y", "origin": [5, 0, 8.5]},
			"faces": {
				"north": {"uv": [11, 12, 12, 13], "texture": "#0"},
				"east": {"uv": [12, 11, 13, 12], "texture": "#0"},
				"south": {"uv": [12, 12, 13, 13], "texture": "#0"},
				"west": {"uv": [0, 13, 1, 14], "texture": "#0"},
				"up": {"uv": [14, 1, 13, 0], "texture": "#0"},
				"down": {"uv": [2, 13, 1, 14], "texture": "#0"}
			}
		},
		{
			"from": [9, 0.1, 6],
			"to": [10, 0.3, 6.5],
			"rotation": {"angle": 0, "axis": "y", "origin": [8, 0, 5]},
			"faces": {
				"north": {"uv": [13, 1, 14, 2], "texture": "#0"},
				"east": {"uv": [2, 13, 3, 14], "texture": "#0"},
				"south": {"uv": [13, 2, 14, 3], "texture": "#0"},
				"west": {"uv": [3, 13, 4, 14], "texture": "#0"},
				"up": {"uv": [14, 4, 13, 3], "texture": "#0"},
				"down": {"uv": [5, 13, 4, 14], "texture": "#0"}
			}
		},
		{
			"from": [9, 0.1, 9.5],
			"to": [10, 0.3, 10],
			"rotation": {"angle": 0, "axis": "y", "origin": [8, 0, 8.5]},
			"faces": {
				"north": {"uv": [13, 4, 14, 5], "texture": "#0"},
				"east": {"uv": [5, 13, 6, 14], "texture": "#0"},
				"south": {"uv": [13, 5, 14, 6], "texture": "#0"},
				"west": {"uv": [6, 13, 7, 14], "texture": "#0"},
				"up": {"uv": [14, 7, 13, 6], "texture": "#0"},
				"down": {"uv": [8, 13, 7, 14], "texture": "#0"}
			}
		},
		{
			"from": [7, 0.3, 7],
			"to": [9, 0.5, 9],
			"rotation": {"angle": 0, "axis": "y", "origin": [7, 0.1, 7]},
			"faces": {
				"north": {"uv": [8, 9, 10, 10], "texture": "#0"},
				"east": {"uv": [0, 10, 2, 11], "texture": "#0"},
				"south": {"uv": [4, 10, 6, 11], "texture": "#0"},
				"west": {"uv": [6, 10, 8, 11], "texture": "#0"},
				"up": {"uv": [4, 2, 2, 0], "texture": "#0"},
				"down": {"uv": [4, 2, 2, 4], "texture": "#0"}
			}
		},
		{
			"from": [7, 0.4, 6.8],
			"to": [9, 2.2, 7],
			"rotation": {"angle": 0, "axis": "y", "origin": [7, 0.4, 5.8]},
			"faces": {
				"north": {"uv": [2, 4, 4, 6], "texture": "#0"},
				"east": {"uv": [2, 9, 3, 11], "texture": "#0"},
				"south": {"uv": [4, 2, 6, 4], "texture": "#0"},
				"west": {"uv": [10, 9, 11, 11], "texture": "#0"},
				"up": {"uv": [2, 12, 0, 11], "texture": "#0"},
				"down": {"uv": [13, 0, 11, 1], "texture": "#0"}
			}
		},
		{
			"from": [7, 0.4, 9],
			"to": [9, 2.2, 9.2],
			"rotation": {"angle": 0, "axis": "y", "origin": [7, 0.4, 8]},
			"faces": {
				"north": {"uv": [4, 4, 6, 6], "texture": "#0"},
				"east": {"uv": [11, 1, 12, 3], "texture": "#0"},
				"south": {"uv": [0, 6, 2, 8], "texture": "#0"},
				"west": {"uv": [2, 11, 3, 13], "texture": "#0"},
				"up": {"uv": [5, 12, 3, 11], "texture": "#0"},
				"down": {"uv": [13, 3, 11, 4], "texture": "#0"}
			}
		},
		{
			"from": [6.8, 0.4, 7],
			"to": [7, 2.2, 9],
			"rotation": {"angle": 0, "axis": "y", "origin": [6.8, 0.4, 6]},
			"faces": {
				"north": {"uv": [11, 4, 12, 6], "texture": "#0"},
				"east": {"uv": [6, 0, 8, 2], "texture": "#0"},
				"south": {"uv": [5, 11, 6, 13], "texture": "#0"},
				"west": {"uv": [2, 6, 4, 8], "texture": "#0"},
				"up": {"uv": [7, 13, 6, 11], "texture": "#0"},
				"down": {"uv": [8, 11, 7, 13], "texture": "#0"}
			}
		},
		{
			"from": [9, 0.4, 7],
			"to": [9.2, 2.2, 9],
			"rotation": {"angle": 0, "axis": "y", "origin": [9, 0.4, 6]},
			"faces": {
				"north": {"uv": [8, 11, 9, 13], "texture": "#0"},
				"east": {"uv": [6, 2, 8, 4], "texture": "#0"},
				"south": {"uv": [9, 11, 10, 13], "texture": "#0"},
				"west": {"uv": [4, 6, 6, 8], "texture": "#0"},
				"up": {"uv": [12, 11, 11, 9], "texture": "#0"},
				"down": {"uv": [11, 11, 10, 13], "texture": "#0"}
			}
		},
		{
			"from": [7.7, 1.7, 5.8],
			"to": [8.3, 2.2, 6.8],
			"rotation": {"angle": 0, "axis": "y", "origin": [6.7, 0.7, 4.8]},
			"faces": {
				"north": {"uv": [13, 7, 14, 8], "texture": "#0"},
				"east": {"uv": [8, 13, 9, 14], "texture": "#0"},
				"south": {"uv": [13, 8, 14, 9], "texture": "#0"},
				"west": {"uv": [9, 13, 10, 14], "texture": "#0"},
				"up": {"uv": [14, 10, 13, 9], "texture": "#0"},
				"down": {"uv": [11, 13, 10, 14], "texture": "#0"}
			}
		},
		{
			"from": [7.7, 0.6, 6.3],
			"to": [8.3, 1.1, 6.8],
			"rotation": {"angle": 0, "axis": "y", "origin": [6.7, -0.4, 5.3]},
			"faces": {
				"north": {"uv": [13, 10, 14, 11], "texture": "#0"},
				"east": {"uv": [11, 13, 12, 14], "texture": "#0"},
				"south": {"uv": [13, 11, 14, 12], "texture": "#0"},
				"west": {"uv": [12, 13, 13, 14], "texture": "#0"},
				"up": {"uv": [14, 13, 13, 12], "texture": "#0"},
				"down": {"uv": [14, 13, 13, 14], "texture": "#0"}
			}
		},
		{
			"from": [7.7, 1, 5.8],
			"to": [8.3, 1.7, 6.3],
			"rotation": {"angle": 0, "axis": "y", "origin": [6.7, 0, 4.8]},
			"faces": {
				"north": {"uv": [0, 14, 1, 15], "texture": "#0"},
				"east": {"uv": [14, 0, 15, 1], "texture": "#0"},
				"south": {"uv": [1, 14, 2, 15], "texture": "#0"},
				"west": {"uv": [14, 1, 15, 2], "texture": "#0"},
				"up": {"uv": [3, 15, 2, 14], "texture": "#0"},
				"down": {"uv": [15, 2, 14, 3], "texture": "#0"}
			}
		},
		{
			"from": [7, 0.5, 7],
			"to": [9, 1.9, 9],
			"rotation": {"angle": 0, "axis": "y", "origin": [7, 0.5, 7]},
			"faces": {
				"north": {"uv": [10, 6, 12, 7], "texture": "#0"},
				"east": {"uv": [10, 7, 12, 8], "texture": "#0"},
				"south": {"uv": [8, 10, 10, 11], "texture": "#0"},
				"west": {"uv": [10, 8, 12, 9], "texture": "#0"},
				"up": {"uv": [2, 6, 0, 4], "texture": "#0"},
				"down": {"uv": [6, 0, 4, 2], "texture": "#0"}
			}
		}
	],
	"display": {
		"thirdperson_righthand": {
			"rotation": [67, 80, 0],
			"translation": [-1, 4.25, 6.5]
		},
		"thirdperson_lefthand": {
			"rotation": [67, 80, 0],
			"translation": [-1, 4.25, 6.5]
		},
		"firstperson_righthand": {
			"rotation": [0, 59, 0],
			"translation": [0, 13, 0.5],
			"scale": [1.5, 1.5, 1.5]
		},
		"firstperson_lefthand": {
			"rotation": [0, 59, 0],
			"translation": [0, 13.25, 0.75],
			"scale": [1.5, 1.5, 1.5]
		},
		"ground": {
			"translation": [0, 4.5, 0]
		},
		"gui": {
			"rotation": [21, -77, 0],
			"translation": [0, 12.75, 0],
			"scale": [2, 2, 2]
		},
		"head": {
			"translation": [0, 22.25, 0],
			"scale": [2, 2, 2]
		},
		"fixed": {
			"rotation": [-90, 0, 0],
			"translation": [-0.25, 0.25, -16],
			"scale": [2, 2, 2]
		}
	},
	"groups": [
		{
			"name": "блюдце",
			"origin": [8, 8, 8],
			"color": 0,
			"children": [0, 1, 2, 3, 4, 5, 6, 7, 8]
		},
		{
			"name": "cup of tea",
			"origin": [8, 8, 8],
			"color": 0,
			"children": [9, 10, 11, 12, 13, 14, 15, 16]
		},
		{
			"name": "tea",
			"origin": [7, 0.5, 7],
			"color": 0,
			"children": [17]
		}
	]
}