{
	"credit": "Made with Blockbench,Made By NightEpiphany",
	"textures": {
		"1": "./chevreuse_musket1",
		"3": "./chevreuse_musket2"
	},
	"elements": [
		{
			"name": "musket_model",
			"from": [-14, 2.8, 5.75],
			"to": [16, 4.3, 7.25],
			"rotation": {"angle": 0, "axis": "y", "origin": [9, 8, 7]},
			"faces": {
				"north": {"uv": [0, 0, 13, 1], "texture": "#1"},
				"east": {"uv": [0, 0, 1, 1], "texture": "#1"},
				"south": {"uv": [13, 0, 0, 1], "texture": "#1"},
				"west": {"uv": [8, 4, 11, 7], "texture": "#1"},
				"up": {"uv": [13, 0, 0, 1], "texture": "#1"},
				"down": {"uv": [13, 0, 0, 1], "texture": "#1"}
			}
		},
		{
			"name": "musket_model",
			"from": [-12, 2, 5.5],
			"to": [15, 3, 7.5],
			"rotation": {"angle": 0, "axis": "y", "origin": [9, 8, 7]},
			"faces": {
				"north": {"uv": [0, 0, 12, 0.5], "texture": "#1"},
				"east": {"uv": [0, 0, 2, 1], "texture": "#1"},
				"south": {"uv": [12, 0, 0, 0.5], "texture": "#1"},
				"west": {"uv": [11, 0, 13, 1], "texture": "#1"},
				"up": {"uv": [13, 0, 0, 1], "texture": "#1"},
				"down": {"uv": [13, 0, 0, 1], "texture": "#1"}
			}
		},
		{
			"name": "musket_model",
			"from": [5.9, 1, 5.5],
			"to": [15.9, 2, 7.5],
			"rotation": {"angle": 0, "axis": "y", "origin": [9, 8, 7]},
			"faces": {
				"north": {"uv": [0, 0, 12, 0.5], "texture": "#1"},
				"east": {"uv": [0, 0, 2, 1], "texture": "#1"},
				"south": {"uv": [12, 0, 0, 0.5], "texture": "#1"},
				"west": {"uv": [11, 0, 13, 1], "texture": "#1"},
				"up": {"uv": [13, 0, 0, 1], "texture": "#1"},
				"down": {"uv": [3.5, 0, 0, 1], "texture": "#1"}
			}
		},
		{
			"name": "musket_model",
			"from": [16, 2, 5.5],
			"to": [20, 5, 7.5],
			"rotation": {"angle": 0, "axis": "y", "origin": [9, 8, 7]},
			"faces": {
				"north": {"uv": [0, 12, 2, 13.5], "texture": "#3"},
				"east": {"uv": [0, 0, 2, 1], "texture": "#1"},
				"south": {"uv": [2, 12, 0, 13.5], "texture": "#3"},
				"west": {"uv": [11, 0, 13, 1], "texture": "#1"},
				"up": {"uv": [2, 0, 0, 1], "texture": "#1"},
				"down": {"uv": [3.5, 0, 0, 1], "texture": "#1"}
			}
		},
		{
			"name": "musket_model",
			"from": [20, 1, 5.5],
			"to": [24, 4, 7.5],
			"rotation": {"angle": 0, "axis": "y", "origin": [9, 8, 7]},
			"faces": {
				"north": {"uv": [2.5, 12, 4.5, 13.5], "texture": "#3"},
				"east": {"uv": [0, 0, 2, 1], "texture": "#1"},
				"south": {"uv": [4.5, 12, 2.5, 13.5], "texture": "#3"},
				"west": {"uv": [11, 0, 13, 1], "texture": "#1"},
				"up": {"uv": [2, 0, 0, 1], "texture": "#1"},
				"down": {"uv": [2, 0, 0, 1], "texture": "#1"}
			}
		},
		{
			"name": "musket_model",
			"from": [23, 0, 5.5],
			"to": [24, 1, 7.5],
			"rotation": {"angle": 0, "axis": "y", "origin": [9, 8, 7]},
			"faces": {
				"north": {"uv": [0, 0, 2, 1], "texture": "#1"},
				"east": {"uv": [0, 0, 2, 1], "texture": "#1"},
				"south": {"uv": [1.5, 0, 0, 1], "texture": "#1"},
				"west": {"uv": [12, 0, 13, 0.5], "texture": "#1"},
				"up": {"uv": [13, 0, 0, 1], "texture": "#1"},
				"down": {"uv": [3.5, 0, 3, 1], "texture": "#1"}
			}
		},
		{
			"name": "musket_model",
			"from": [24, -1, 5.5],
			"to": [28, 5, 7.5],
			"rotation": {"angle": 0, "axis": "y", "origin": [9, 8, 7]},
			"faces": {
				"north": {"uv": [6, 15, 8, 12], "texture": "#3"},
				"east": {"uv": [0, 0, 2, 1], "texture": "#1"},
				"south": {"uv": [8, 15, 6, 12], "texture": "#3"},
				"west": {"uv": [11, 0, 13, 1], "texture": "#1"},
				"up": {"uv": [2, 0, 0, 1], "texture": "#1"},
				"down": {"uv": [3.5, 0, 1.5, 1], "texture": "#1"}
			}
		},
		{
			"name": "musket_model",
			"from": [28, -2, 5.5],
			"to": [29, 4, 7.5],
			"rotation": {"angle": 0, "axis": "y", "origin": [9, 8, 7]},
			"faces": {
				"north": {"uv": [0, 0, 2, 1], "texture": "#1"},
				"east": {"uv": [0, 0, 2, 1], "texture": "#1"},
				"south": {"uv": [1.5, 0, 0, 1], "texture": "#1"},
				"west": {"uv": [11, 0, 13, 1], "texture": "#1"},
				"up": {"uv": [13, 0, 0, 1], "texture": "#1"},
				"down": {"uv": [3.5, 0, 0, 1], "texture": "#1"}
			}
		},
		{
			"name": "musket_model",
			"from": [29, -2, 4.5],
			"to": [30, 4, 8.5],
			"rotation": {"angle": 0, "axis": "y", "origin": [9, 8, 7]},
			"faces": {
				"north": {"uv": [6.5, 3, 7, 7], "texture": "#1"},
				"east": {"uv": [4.5, 3, 7, 7], "texture": "#1"},
				"south": {"uv": [5, 3, 4.5, 7], "texture": "#1"},
				"west": {"uv": [4.5, 3, 7, 7], "texture": "#1"},
				"up": {"uv": [4.5, 3.5, 7, 3], "rotation": 90, "texture": "#1"},
				"down": {"uv": [4.5, 7, 7, 6.5], "rotation": 90, "texture": "#1"}
			}
		},
		{
			"name": "musket_model",
			"from": [28, -3, 4.5],
			"to": [29, -2, 8.5],
			"rotation": {"angle": 0, "axis": "y", "origin": [9, 8, 7]},
			"faces": {
				"north": {"uv": [6.5, 6.5, 7, 7], "texture": "#1"},
				"east": {"uv": [4.5, 6.5, 7, 7], "texture": "#1"},
				"south": {"uv": [5, 6.5, 4.5, 7], "texture": "#1"},
				"west": {"uv": [4.5, 6.5, 7, 7], "texture": "#1"},
				"up": {"uv": [7, 6.5, 4.5, 7], "texture": "#1"},
				"down": {"uv": [4.5, 7, 7, 6.5], "rotation": 90, "texture": "#1"}
			}
		},
		{
			"name": "musket_model",
			"from": [12, 0, 4.5],
			"to": [14, 1, 8.5],
			"rotation": {"angle": 0, "axis": "y", "origin": [9, 8, 7]},
			"faces": {
				"north": {"uv": [4, 8, 5, 8.5], "texture": "#3"},
				"east": {"uv": [3.5, 8.5, 5, 9], "texture": "#3"},
				"south": {"uv": [4.5, 8, 3.5, 8.5], "texture": "#3"},
				"west": {"uv": [3.5, 8, 5, 8.5], "texture": "#3"},
				"up": {"uv": [3.5, 9, 5, 8], "rotation": 90, "texture": "#3"},
				"down": {"uv": [3.5, 9, 5, 8], "rotation": 90, "texture": "#3"}
			}
		},
		{
			"name": "musket_model",
			"from": [28, 4, 4.5],
			"to": [29, 5, 8.5],
			"rotation": {"angle": 0, "axis": "y", "origin": [9, 8, 7]},
			"faces": {
				"north": {"uv": [6.5, 3, 7, 3.5], "texture": "#1"},
				"east": {"uv": [4.5, 3, 7, 3.5], "texture": "#1"},
				"south": {"uv": [5, 3, 4.5, 3.5], "texture": "#1"},
				"west": {"uv": [4.5, 3, 7, 3.5], "texture": "#1"},
				"up": {"uv": [4.5, 3.5, 7, 3], "rotation": 90, "texture": "#1"},
				"down": {"uv": [3.5, 0, 0, 1], "texture": "#1"}
			}
		},
		{
			"name": "musket_model",
			"from": [23, 1.5, 8.5],
			"to": [27, 5.5, 8.5],
			"rotation": {"angle": 0, "axis": "y", "origin": [9, 8, 7]},
			"faces": {
				"north": {"uv": [13, 12.5, 10, 16], "texture": "#3"},
				"east": {"uv": [4.5, 3, 7, 3.5], "texture": "#1"},
				"south": {"uv": [10, 12.5, 13, 16], "texture": "#3"},
				"west": {"uv": [4.5, 3, 7, 3.5], "texture": "#1"},
				"up": {"uv": [4.5, 3.5, 7, 3], "rotation": 90, "texture": "#1"},
				"down": {"uv": [3.5, 0, 0, 1], "texture": "#1"}
			}
		},
		{
			"name": "musket_model",
			"from": [23, 1.5, 4.5],
			"to": [27, 5.5, 4.5],
			"rotation": {"angle": 0, "axis": "y", "origin": [9, 8, 7]},
			"faces": {
				"north": {"uv": [13, 12.5, 10, 16], "texture": "#3"},
				"east": {"uv": [4.5, 3, 7, 3.5], "texture": "#1"},
				"south": {"uv": [10, 12.5, 13, 16], "texture": "#3"},
				"west": {"uv": [4.5, 3, 7, 3.5], "texture": "#1"},
				"up": {"uv": [4.5, 3.5, 7, 3], "rotation": 90, "texture": "#1"},
				"down": {"uv": [3.5, 0, 0, 1], "texture": "#1"}
			}
		},
		{
			"name": "musket_model",
			"from": [23, 5.5, 4.5],
			"to": [27, 5.5, 8.5],
			"rotation": {"angle": 0, "axis": "y", "origin": [9, 8, 7]},
			"faces": {
				"north": {"uv": [13, 12.5, 10, 16], "texture": "#3"},
				"east": {"uv": [4.5, 3, 7, 3.5], "texture": "#1"},
				"south": {"uv": [10, 12.5, 13, 16], "texture": "#3"},
				"west": {"uv": [4.5, 3, 7, 3.5], "texture": "#1"},
				"up": {"uv": [12, 6, 13.5, 4.5], "rotation": 90, "texture": "#1"},
				"down": {"uv": [12, 6, 13.5, 4.5], "rotation": 90, "texture": "#1"}
			}
		},
		{
			"name": "musket_model",
			"from": [-13, 1.9, 5.4],
			"to": [-11, 1.9, 7.6],
			"rotation": {"angle": 0, "axis": "y", "origin": [9, 8, 7]},
			"faces": {
				"north": {"uv": [0, 0, 12, 0.5], "texture": "#1"},
				"east": {"uv": [0, 0, 2, 1], "texture": "#1"},
				"south": {"uv": [12, 0, 0, 0.5], "texture": "#1"},
				"west": {"uv": [11, 0, 13, 1], "texture": "#1"},
				"up": {"uv": [4.5, 6, 7, 4.5], "rotation": 90, "texture": "#1"},
				"down": {"uv": [4.5, 6, 7, 4.5], "rotation": 90, "texture": "#1"}
			}
		},
		{
			"name": "musket_model",
			"from": [-13, 1.9, 5.4],
			"to": [-11, 2.9, 5.4],
			"rotation": {"angle": 0, "axis": "y", "origin": [9, 8, 7]},
			"faces": {
				"north": {"uv": [6, 4.5, 4.5, 6], "texture": "#1"},
				"east": {"uv": [0, 0, 2, 1], "texture": "#1"},
				"south": {"uv": [4.5, 4.5, 6, 6], "texture": "#1"},
				"west": {"uv": [11, 0, 13, 1], "texture": "#1"},
				"up": {"uv": [13, 0, 0, 1], "texture": "#1"},
				"down": {"uv": [6, 4.5, 4.5, 6], "texture": "#1"}
			}
		},
		{
			"name": "musket_model",
			"from": [-13, 1.9, 7.6],
			"to": [-11, 2.9, 7.6],
			"rotation": {"angle": 0, "axis": "y", "origin": [9, 8, 7]},
			"faces": {
				"north": {"uv": [6, 4.5, 4.5, 6], "texture": "#1"},
				"east": {"uv": [0, 0, 2, 1], "texture": "#1"},
				"south": {"uv": [4.5, 4.5, 6, 6], "texture": "#1"},
				"west": {"uv": [11, 0, 13, 1], "texture": "#1"},
				"up": {"uv": [13, 0, 0, 1], "texture": "#1"},
				"down": {"uv": [6, 4.5, 4.5, 6], "texture": "#1"}
			}
		},
		{
			"name": "musket_model",
			"from": [-8, 1.9, 5],
			"to": [-6, 3.9, 8],
			"rotation": {"angle": 0, "axis": "y", "origin": [9, 8, 7]},
			"faces": {
				"north": {"uv": [6, 4.5, 4.5, 6], "texture": "#1"},
				"east": {"uv": [12, 5, 13.5, 6], "texture": "#1"},
				"south": {"uv": [4.5, 4.5, 6, 6], "texture": "#1"},
				"west": {"uv": [12, 5, 13.5, 6], "texture": "#1"},
				"up": {"uv": [12, 6, 13.5, 5], "rotation": 90, "texture": "#1"},
				"down": {"uv": [6, 4.5, 4.5, 6], "texture": "#1"}
			}
		},
		{
			"name": "musket_model",
			"from": [5, 3.55, 6],
			"to": [11, 4.55, 7],
			"rotation": {"angle": 0, "axis": "y", "origin": [9, 8, 7]},
			"faces": {
				"north": {"uv": [2.5, 1, 2, 6.5], "rotation": 90, "texture": "#3"},
				"east": {"uv": [5.5, 12, 6, 12.5], "texture": "#1"},
				"south": {"uv": [2.5, 6.5, 2, 1], "rotation": 90, "texture": "#3"},
				"west": {"uv": [6, 12, 6.5, 12.5], "texture": "#1"},
				"up": {"uv": [9, 4, 8.5, 1], "rotation": 90, "texture": "#3"},
				"down": {"uv": [2.5, 6.5, 2, 1], "rotation": 90, "texture": "#3"}
			}
		},
		{
			"name": "musket_model",
			"from": [7, 0.55, 6],
			"to": [12, 1.55, 7],
			"rotation": {"angle": 0, "axis": "y", "origin": [9, 8, 7]},
			"faces": {
				"north": {"uv": [2.5, 1, 2, 3.5], "rotation": 90, "texture": "#3"},
				"east": {"uv": [5.5, 12, 6, 12.5], "texture": "#1"},
				"south": {"uv": [2.5, 3.5, 2, 1], "rotation": 90, "texture": "#3"},
				"west": {"uv": [6, 12, 6.5, 12.5], "texture": "#1"},
				"up": {"uv": [9, 4, 8.5, 1], "rotation": 90, "texture": "#3"},
				"down": {"uv": [2.5, 3.5, 2, 1], "rotation": 90, "texture": "#3"}
			}
		},
		{
			"name": "musket_model",
			"from": [8, -1.45, 6],
			"to": [11, -0.45, 7],
			"rotation": {"angle": 0, "axis": "y", "origin": [9, 8, 7]},
			"faces": {
				"north": {"uv": [2.5, 6.5, 2, 5], "rotation": 90, "texture": "#3"},
				"east": {"uv": [5.5, 12, 6, 12.5], "texture": "#1"},
				"south": {"uv": [2, 5, 2.5, 6.5], "rotation": 90, "texture": "#3"},
				"west": {"uv": [6, 12, 6.5, 12.5], "texture": "#1"},
				"up": {"uv": [2.5, 5, 2, 6.5], "rotation": 90, "texture": "#3"},
				"down": {"uv": [2.5, 5, 2, 6.5], "rotation": 90, "texture": "#3"}
			}
		},
		{
			"name": "musket_model",
			"from": [11, -2.45, 6],
			"to": [14, -1.45, 7],
			"rotation": {"angle": 0, "axis": "y", "origin": [9, 8, 7]},
			"faces": {
				"north": {"uv": [2.5, 6.5, 2, 5], "rotation": 90, "texture": "#3"},
				"east": {"uv": [5.5, 12, 6, 12.5], "texture": "#1"},
				"south": {"uv": [2, 5, 2.5, 6.5], "rotation": 90, "texture": "#3"},
				"west": {"uv": [6, 12, 6.5, 12.5], "texture": "#1"},
				"up": {"uv": [2.5, 5, 2, 6.5], "rotation": 90, "texture": "#3"},
				"down": {"uv": [2.5, 5, 2, 6.5], "rotation": 90, "texture": "#3"}
			}
		},
		{
			"name": "musket_model",
			"from": [14, -3.45, 6],
			"to": [16, -1.45, 7],
			"rotation": {"angle": 0, "axis": "y", "origin": [9, 8, 7]},
			"faces": {
				"north": {"uv": [13.5, 10, 12, 8.5], "rotation": 90, "texture": "#1"},
				"east": {"uv": [5.5, 12, 6, 12.5], "texture": "#1"},
				"south": {"uv": [12, 8.5, 13.5, 10], "rotation": 90, "texture": "#1"},
				"west": {"uv": [6, 12, 6.5, 12.5], "texture": "#1"},
				"up": {"uv": [2.5, 5.5, 2, 6.5], "rotation": 90, "texture": "#3"},
				"down": {"uv": [2.5, 5.5, 2, 6.5], "rotation": 90, "texture": "#3"}
			}
		},
		{
			"name": "musket_model",
			"from": [14, -1.45, 6],
			"to": [15, 0.55, 7],
			"rotation": {"angle": 0, "axis": "y", "origin": [9, 8, 7]},
			"faces": {
				"north": {"uv": [13, 9, 12, 8.5], "rotation": 90, "texture": "#1"},
				"east": {"uv": [5.5, 12, 6, 12.5], "texture": "#1"},
				"south": {"uv": [12.5, 8.5, 13.5, 9], "rotation": 90, "texture": "#1"},
				"west": {"uv": [6, 12, 6.5, 12.5], "texture": "#1"},
				"up": {"uv": [2.5, 5.5, 2, 6.5], "rotation": 90, "texture": "#3"},
				"down": {"uv": [2.5, 5.5, 2, 6.5], "rotation": 90, "texture": "#3"}
			}
		},
		{
			"name": "musket_model",
			"from": [14, 0.55, 6],
			"to": [16, 1.55, 7],
			"rotation": {"angle": 0, "axis": "y", "origin": [9, 8, 7]},
			"faces": {
				"north": {"uv": [12.5, 10, 12, 9], "rotation": 90, "texture": "#1"},
				"east": {"uv": [5.5, 12, 6, 12.5], "texture": "#1"},
				"south": {"uv": [12, 9, 12.5, 10], "rotation": 90, "texture": "#1"},
				"west": {"uv": [6, 12, 6.5, 12.5], "texture": "#1"},
				"up": {"uv": [2.5, 5.5, 2, 6.5], "rotation": 90, "texture": "#3"},
				"down": {"uv": [2.5, 5.5, 2, 6.5], "rotation": 90, "texture": "#3"}
			}
		},
		{
			"name": "musket_model",
			"from": [7, -0.45, 6],
			"to": [8, 0.55, 7],
			"rotation": {"angle": 0, "axis": "y", "origin": [9, 8, 7]},
			"faces": {
				"north": {"uv": [2.5, 6, 2, 6.5], "rotation": 90, "texture": "#3"},
				"east": {"uv": [5.5, 12, 6, 12.5], "texture": "#1"},
				"south": {"uv": [2.5, 6.5, 2, 6], "rotation": 90, "texture": "#3"},
				"west": {"uv": [6, 12, 6.5, 12.5], "texture": "#1"},
				"up": {"uv": [2.5, 6.5, 2, 6], "rotation": 90, "texture": "#3"},
				"down": {"uv": [2.5, 6.5, 2, 6], "rotation": 90, "texture": "#3"}
			}
		},
		{
			"name": "musket_model",
			"from": [5, 1.55, 6],
			"to": [11, 2.55, 7],
			"rotation": {"angle": 0, "axis": "y", "origin": [9, 8, 7]},
			"faces": {
				"north": {"uv": [2.5, 1, 2, 6.5], "rotation": 90, "texture": "#3"},
				"east": {"uv": [5.5, 12, 6, 12.5], "texture": "#1"},
				"south": {"uv": [2.5, 6.5, 2, 1], "rotation": 90, "texture": "#3"},
				"west": {"uv": [6, 12, 6.5, 12.5], "texture": "#1"},
				"up": {"uv": [6, 4, 5.5, 1], "rotation": 90, "texture": "#3"},
				"down": {"uv": [6, 4, 5.5, 1], "rotation": 90, "texture": "#3"}
			}
		},
		{
			"name": "musket_model",
			"from": [18, -3.85, 5],
			"to": [21, -3.85, 8],
			"rotation": {"angle": -45, "axis": "z", "origin": [23.5, 1.55, 6.5]},
			"faces": {
				"north": {"uv": [2.5, 1, 2, 6.5], "rotation": 90, "texture": "#3"},
				"east": {"uv": [5.5, 12, 6, 12.5], "texture": "#1"},
				"south": {"uv": [2.5, 6.5, 2, 1], "rotation": 90, "texture": "#3"},
				"west": {"uv": [6, 12, 6.5, 12.5], "texture": "#1"},
				"up": {"uv": [7, 8, 5, 10], "rotation": 90, "texture": "#1"},
				"down": {"uv": [7, 8, 5, 10], "rotation": 90, "texture": "#1"}
			}
		},
		{
			"name": "musket_model",
			"from": [5, 1.55, 5],
			"to": [16, 4.55, 6],
			"rotation": {"angle": 0, "axis": "y", "origin": [9, 8, 7]},
			"faces": {
				"north": {"uv": [11, 1, 9.5, 6.5], "rotation": 90, "texture": "#3"},
				"east": {"uv": [6.5, 12, 7, 13.5], "texture": "#1"},
				"south": {"uv": [3, 6.5, 1.5, 1], "rotation": 90, "texture": "#3"},
				"west": {"uv": [6.5, 12, 7, 13.5], "texture": "#1"},
				"up": {"uv": [9.5, 6.5, 9, 1], "rotation": 90, "texture": "#3"},
				"down": {"uv": [6.5, 6.5, 6, 1], "rotation": 90, "texture": "#3"}
			}
		},
		{
			"name": "musket_model",
			"from": [5, 1.55, 7],
			"to": [16, 4.55, 8],
			"rotation": {"angle": 0, "axis": "y", "origin": [9, 8, 7]},
			"faces": {
				"north": {"uv": [3, 1, 1.5, 6.5], "rotation": 90, "texture": "#3"},
				"east": {"uv": [5.5, 12, 6, 13.5], "texture": "#1"},
				"south": {"uv": [8, 6.5, 6.5, 1], "rotation": 90, "texture": "#3"},
				"west": {"uv": [5.5, 12, 6, 13.5], "texture": "#1"},
				"up": {"uv": [8.5, 6.5, 8, 1], "rotation": 90, "texture": "#3"},
				"down": {"uv": [5.5, 6.5, 5, 1], "rotation": 90, "texture": "#3"}
			}
		},
		{
			"name": "musket_model",
			"from": [14, 2.55, 8],
			"to": [16, 4.55, 9],
			"rotation": {"angle": 0, "axis": "y", "origin": [9, 8, 7]},
			"faces": {
				"north": {"uv": [9.5, 8, 7.5, 10], "rotation": 90, "texture": "#3"},
				"east": {"uv": [5.5, 12.5, 6, 13.5], "texture": "#1"},
				"south": {"uv": [9.5, 10, 7.5, 8], "rotation": 90, "texture": "#3"},
				"west": {"uv": [5.5, 12.5, 6, 13.5], "texture": "#1"},
				"up": {"uv": [8, 9, 7.5, 8], "rotation": 90, "texture": "#3"},
				"down": {"uv": [9.5, 9, 9, 8], "rotation": 90, "texture": "#3"}
			}
		},
		{
			"name": "musket_model",
			"from": [14, 2.55, 4],
			"to": [16, 4.55, 5],
			"rotation": {"angle": 0, "axis": "y", "origin": [9, 8, 7]},
			"faces": {
				"north": {"uv": [9.5, 8, 7.5, 10], "rotation": 90, "texture": "#3"},
				"east": {"uv": [5.5, 12.5, 6, 13.5], "texture": "#1"},
				"south": {"uv": [9.5, 10, 7.5, 8], "rotation": 90, "texture": "#3"},
				"west": {"uv": [5.5, 12.5, 6, 13.5], "texture": "#1"},
				"up": {"uv": [8, 9, 7.5, 8], "rotation": 90, "texture": "#3"},
				"down": {"uv": [9.5, 9, 9, 8], "rotation": 90, "texture": "#3"}
			}
		},
		{
			"name": "musket_model",
			"from": [16, 3.55, 8],
			"to": [21, 9.55, 8],
			"rotation": {"angle": 0, "axis": "y", "origin": [9, 8, 7]},
			"faces": {
				"north": {"uv": [14.5, 11.5, 11, 8], "rotation": 90, "texture": "#3"},
				"east": {"uv": [5.5, 12.5, 6, 13.5], "texture": "#1"},
				"south": {"uv": [14.5, 8, 11, 11.5], "rotation": 90, "texture": "#3"},
				"west": {"uv": [5.5, 12.5, 6, 13.5], "texture": "#1"},
				"up": {"uv": [8, 9, 7.5, 8], "rotation": 90, "texture": "#3"},
				"down": {"uv": [9.5, 9, 9, 8], "rotation": 90, "texture": "#3"}
			}
		},
		{
			"name": "musket_model",
			"from": [16, 3.55, 5],
			"to": [21, 9.55, 5],
			"rotation": {"angle": 0, "axis": "y", "origin": [9, 8, 7]},
			"faces": {
				"north": {"uv": [14.5, 11.5, 11, 8], "rotation": 90, "texture": "#3"},
				"east": {"uv": [5.5, 12.5, 6, 13.5], "texture": "#1"},
				"south": {"uv": [14.5, 8, 11, 11.5], "rotation": 90, "texture": "#3"},
				"west": {"uv": [5.5, 12.5, 6, 13.5], "texture": "#1"},
				"up": {"uv": [8, 9, 7.5, 8], "rotation": 90, "texture": "#3"},
				"down": {"uv": [9.5, 9, 9, 8], "rotation": 90, "texture": "#3"}
			}
		},
		{
			"name": "musket_model",
			"from": [12, -1.95, 6.5],
			"to": [14, 0.05, 6.5],
			"rotation": {"angle": 0, "axis": "y", "origin": [9, 8, 7]},
			"faces": {
				"north": {"uv": [2, 10, 0, 8], "rotation": 180, "texture": "#3"},
				"east": {"uv": [5.5, 12.5, 6, 13.5], "texture": "#1"},
				"south": {"uv": [0, 10, 2, 8], "rotation": 180, "texture": "#3"},
				"west": {"uv": [5.5, 12.5, 6, 13.5], "texture": "#1"},
				"up": {"uv": [8, 9, 7.5, 8], "rotation": 90, "texture": "#3"},
				"down": {"uv": [9.5, 9, 9, 8], "rotation": 90, "texture": "#3"}
			}
		},
		{
			"name": "musket_model",
			"from": [-5, 1.9, 5],
			"to": [5, 1.9, 8],
			"rotation": {"angle": 0, "axis": "y", "origin": [9, 8, 7]},
			"faces": {
				"north": {"uv": [6, 4.5, 4.5, 6], "texture": "#1"},
				"east": {"uv": [12, 5, 13.5, 6], "texture": "#1"},
				"south": {"uv": [4.5, 4.5, 6, 6], "texture": "#1"},
				"west": {"uv": [12, 5, 13.5, 6], "texture": "#1"},
				"up": {"uv": [4.5, 15.5, 7.5, 8], "rotation": 90, "texture": "#1"},
				"down": {"uv": [7.5, 15.5, 4.5, 8], "rotation": 90, "texture": "#1"}
			}
		},
		{
			"name": "musket_model",
			"from": [-5, 1.9, 8],
			"to": [5, 5.9, 8],
			"rotation": {"angle": 0, "axis": "y", "origin": [9, 8, 7]},
			"faces": {
				"north": {"uv": [11.5, 8, 8.5, 15.5], "rotation": 90, "texture": "#1"},
				"east": {"uv": [12, 5, 13.5, 6], "texture": "#1"},
				"south": {"uv": [11.5, 15.5, 8.5, 8], "rotation": 90, "texture": "#1"},
				"west": {"uv": [12, 5, 13.5, 6], "texture": "#1"},
				"up": {"uv": [4.5, 15.5, 7.5, 8], "rotation": 90, "texture": "#1"},
				"down": {"uv": [7.5, 15.5, 4.5, 8], "rotation": 90, "texture": "#1"}
			}
		},
		{
			"name": "musket_model",
			"from": [-5, 1.9, 5],
			"to": [5, 5.9, 5],
			"rotation": {"angle": 0, "axis": "y", "origin": [9, 8, 7]},
			"faces": {
				"north": {"uv": [0.5, 8, 3.5, 15.5], "rotation": 90, "texture": "#1"},
				"east": {"uv": [12, 5, 13.5, 6], "texture": "#1"},
				"south": {"uv": [0.5, 15.5, 3.5, 8], "rotation": 90, "texture": "#1"},
				"west": {"uv": [12, 5, 13.5, 6], "texture": "#1"},
				"up": {"uv": [4.5, 15.5, 7.5, 8], "rotation": 90, "texture": "#1"},
				"down": {"uv": [7.5, 15.5, 4.5, 8], "rotation": 90, "texture": "#1"}
			}
		}
	],
	"gui_light": "front",
	"display": {
		"thirdperson_righthand": {
			"rotation": [-73.53, -86.18, -76.32],
			"translation": [-1, 3.5, -2.5],
			"scale": [0.5, 0.5, 0.5]
		},
		"thirdperson_lefthand": {
			"rotation": [97, 88, 84],
			"translation": [1, -2.5, 11.25],
			"scale": [0.5, 0.5, 0.5]
		},
		"firstperson_righthand": {
			"rotation": [172, -85, 162],
			"translation": [-3.87, 7.7, 1.88],
			"scale": [0.5, 0.5, 0.5]
		},
		"firstperson_lefthand": {
			"rotation": [90, 90, 0],
			"translation": [-1.25, 7.75, 7],
			"scale": [0.5, 0.5, 0.5]
		},
		"ground": {
			"rotation": [-90, 0, 0],
			"translation": [-1, 0, -2.75],
			"scale": [0.45, 0.45, 0.45]
		},
		"gui": {
			"rotation": [13, -32, -36],
			"translation": [0.5, 2.25, 0],
			"scale": [0.5, 0.5, 0.5]
		},
		"head": {
			"rotation": [1, 0, 0],
			"translation": [0, 5, -1.5],
			"scale": [0, 0, 0]
		},
		"fixed": {
			"rotation": [0, 0, -45],
			"translation": [1.75, 7.5, -0.5]
		}
	},
	"groups": [
		{
			"name": "musket_model",
			"origin": [0, 0, 0],
			"color": 0,
			"children": [0, 1, 2, 3, 4, 5, 6, 7, 8, 9, 10, 11, 12, 13, 14, 15, 16, 17, 18, 19, 20, 21, 22, 23, 24, 25, 26, 27, 28, 29, 30, 31, 32, 33, 34, 35, 36, 37, 38]
		}
	]
}