{
	"credit": "Made with Blockbench",
	"textures": {
		"particle": "./bluelagun",
		"bluelagun": "./bluelagun"
	},
	"elements": [
		{
			"from": [8, 0, 7],
			"to": [10, 0.2, 9],
			"faces": {
				"north": {"uv": [10, 6, 12, 7], "texture": "#bluelagun"},
				"east": {"uv": [10, 7, 12, 8], "texture": "#bluelagun"},
				"south": {"uv": [8, 10, 10, 11], "texture": "#bluelagun"},
				"west": {"uv": [10, 8, 12, 9], "texture": "#bluelagun"},
				"up": {"uv": [10, 2, 8, 0], "texture": "#bluelagun"},
				"down": {"uv": [10, 2, 8, 4], "texture": "#bluelagun"}
			}
		},
		{
			"from": [8.5, 0.2, 7.5],
			"to": [9.5, 2.2, 8.5],
			"faces": {
				"north": {"uv": [10, 9, 11, 11], "texture": "#bluelagun"},
				"east": {"uv": [0, 11, 1, 13], "texture": "#bluelagun"},
				"south": {"uv": [11, 0, 12, 2], "texture": "#bluelagun"},
				"west": {"uv": [1, 11, 2, 13], "texture": "#bluelagun"},
				"up": {"uv": [8, 13, 7, 12], "texture": "#bluelagun"},
				"down": {"uv": [13, 8, 12, 9], "texture": "#bluelagun"}
			}
		},
		{
			"from": [8, 2.2, 7],
			"to": [10, 5.2, 9],
			"faces": {
				"north": {"uv": [0, 0, 2, 3], "texture": "#bluelagun"},
				"east": {"uv": [2, 0, 4, 3], "texture": "#bluelagun"},
				"south": {"uv": [0, 3, 2, 6], "texture": "#bluelagun"},
				"west": {"uv": [2, 3, 4, 6], "texture": "#bluelagun"},
				"up": {"uv": [10, 6, 8, 4], "texture": "#bluelagun"},
				"down": {"uv": [10, 6, 8, 8], "texture": "#bluelagun"}
			}
		},
		{
			"from": [8, 2.2, 6.9],
			"to": [10, 5.2, 7],
			"faces": {
				"north": {"uv": [4, 0, 6, 3], "texture": "#bluelagun"},
				"east": {"uv": [2, 9, 3, 12], "texture": "#bluelagun"},
				"south": {"uv": [4, 3, 6, 6], "texture": "#bluelagun"},
				"west": {"uv": [3, 9, 4, 12], "texture": "#bluelagun"},
				"up": {"uv": [13, 3, 11, 2], "texture": "#bluelagun"},
				"down": {"uv": [13, 3, 11, 4], "texture": "#bluelagun"}
			}
		},
		{
			"from": [8, 2.2, 9],
			"to": [10, 5.2, 9.1],
			"faces": {
				"north": {"uv": [0, 6, 2, 9], "texture": "#bluelagun"},
				"east": {"uv": [4, 9, 5, 12], "texture": "#bluelagun"},
				"south": {"uv": [6, 0, 8, 3], "texture": "#bluelagun"},
				"west": {"uv": [5, 9, 6, 12], "texture": "#bluelagun"},
				"up": {"uv": [13, 5, 11, 4], "texture": "#bluelagun"},
				"down": {"uv": [13, 5, 11, 6], "texture": "#bluelagun"}
			}
		},
		{
			"from": [10, 2.2, 7],
			"to": [10.1, 5.2, 9],
			"faces": {
				"north": {"uv": [6, 9, 7, 12], "texture": "#bluelagun"},
				"east": {"uv": [2, 6, 4, 9], "texture": "#bluelagun"},
				"south": {"uv": [7, 9, 8, 12], "texture": "#bluelagun"},
				"west": {"uv": [6, 3, 8, 6], "texture": "#bluelagun"},
				"up": {"uv": [9, 13, 8, 11], "texture": "#bluelagun"},
				"down": {"uv": [10, 11, 9, 13], "texture": "#bluelagun"}
			}
		},
		{
			"from": [7.9, 2.2, 7],
			"to": [8, 5.2, 9],
			"faces": {
				"north": {"uv": [10, 0, 11, 3], "texture": "#bluelagun"},
				"east": {"uv": [4, 6, 6, 9], "texture": "#bluelagun"},
				"south": {"uv": [10, 3, 11, 6], "texture": "#bluelagun"},
				"west": {"uv": [6, 6, 8, 9], "texture": "#bluelagun"},
				"up": {"uv": [12, 11, 11, 9], "texture": "#bluelagun"},
				"down": {"uv": [11, 11, 10, 13], "texture": "#bluelagun"}
			}
		},
		{
			"from": [9, 8, 6],
			"to": [9.4, 10, 6.4],
			"rotation": {"angle": 22.5, "axis": "x", "origin": [0, 0, 0]},
			"faces": {
				"north": {"uv": [11, 11, 12, 13], "texture": "#bluelagun"},
				"east": {"uv": [12, 0, 13, 2], "texture": "#bluelagun"},
				"south": {"uv": [2, 12, 3, 14], "texture": "#bluelagun"},
				"west": {"uv": [3, 12, 4, 14], "texture": "#bluelagun"},
				"up": {"uv": [13, 10, 12, 9], "texture": "#bluelagun"},
				"down": {"uv": [13, 10, 12, 11], "texture": "#bluelagun"}
			}
		},
		{
			"from": [9, 6.8, 9.4],
			"to": [9.4, 7.2, 10.8],
			"faces": {
				"north": {"uv": [12, 11, 13, 12], "texture": "#bluelagun"},
				"east": {"uv": [12, 12, 13, 13], "texture": "#bluelagun"},
				"south": {"uv": [0, 13, 1, 14], "texture": "#bluelagun"},
				"west": {"uv": [13, 0, 14, 1], "texture": "#bluelagun"},
				"up": {"uv": [2, 14, 1, 13], "texture": "#bluelagun"},
				"down": {"uv": [14, 1, 13, 2], "texture": "#bluelagun"}
			}
		},
		{
			"from": [8.6, 4.5, 6.1],
			"to": [9, 6.5, 8.1],
			"rotation": {"angle": -22.5, "axis": "x", "origin": [9, 5, 7]},
			"faces": {
				"north": {"uv": [4, 12, 5, 14], "texture": "#bluelagun"},
				"east": {"uv": [8, 8, 10, 10], "texture": "#bluelagun"},
				"south": {"uv": [5, 12, 6, 14], "texture": "#bluelagun"},
				"west": {"uv": [0, 9, 2, 11], "texture": "#bluelagun"},
				"up": {"uv": [7, 14, 6, 12], "texture": "#bluelagun"},
				"down": {"uv": [13, 6, 12, 8], "texture": "#bluelagun"}
			}
		}
	],
	"display": {
		"thirdperson_righthand": {
			"rotation": [70, 180, 0],
			"translation": [0.25, 1.75, 6]
		},
		"thirdperson_lefthand": {
			"rotation": [70, 180, 0],
			"translation": [-2.25, 1.75, 6]
		},
		"firstperson_righthand": {
			"rotation": [0, -98, 0],
			"translation": [2, 5.25, 0]
		},
		"firstperson_lefthand": {
			"rotation": [0, -98, 0],
			"translation": [2, 5.25, 0]
		},
		"ground": {
			"translation": [0, 4.25, 0]
		},
		"gui": {
			"rotation": [21, -69, 0],
			"translation": [-0.5, 10.25, 0],
			"scale": [2, 2, 2]
		},
		"head": {
			"translation": [0, 14.5, 0]
		},
		"fixed": {
			"rotation": [-90, 0, 0],
			"translation": [-1.25, 0, -16],
			"scale": [2, 2, 2]
		}
	}
}