{
	"credit": "Made with Blockbench",
	"textures": {
		"glassvodka": "./glassvodka",
		"particle": "./."
	},
	"elements": [
		{
			"from": [7, 0, 7],
			"to": [9, 5, 9],
			"faces": {
				"north": {"uv": [0, 0, 2, 5], "texture": "#glassvodka"},
				"east": {"uv": [2, 0, 4, 5], "texture": "#glassvodka"},
				"south": {"uv": [4, 0, 6, 5], "texture": "#glassvodka"},
				"west": {"uv": [0, 5, 2, 10], "texture": "#glassvodka"},
				"up": {"uv": [4, 7, 2, 5], "texture": "#glassvodka"},
				"down": {"uv": [6, 5, 4, 7], "texture": "#glassvodka"}
			}
		},
		{
			"from": [7.5, 5, 7.5],
			"to": [8.5, 7, 8.5],
			"faces": {
				"north": {"uv": [6, 0, 7, 2], "texture": "#glassvodka"},
				"east": {"uv": [6, 2, 7, 4], "texture": "#glassvodka"},
				"south": {"uv": [6, 4, 7, 6], "texture": "#glassvodka"},
				"west": {"uv": [6, 6, 7, 8], "texture": "#glassvodka"},
				"up": {"uv": [8, 1, 7, 0], "texture": "#glassvodka"},
				"down": {"uv": [8, 1, 7, 2], "texture": "#glassvodka"}
			}
		},
		{
			"from": [7.4, 7, 7.4],
			"to": [8.6, 7.5, 8.6],
			"faces": {
				"north": {"uv": [2, 7, 3, 8], "texture": "#glassvodka"},
				"east": {"uv": [7, 2, 8, 3], "texture": "#glassvodka"},
				"south": {"uv": [3, 7, 4, 8], "texture": "#glassvodka"},
				"west": {"uv": [7, 3, 8, 4], "texture": "#glassvodka"},
				"up": {"uv": [5, 8, 4, 7], "texture": "#glassvodka"},
				"down": {"uv": [8, 4, 7, 5], "texture": "#glassvodka"}
			}
		}
	],
	"display": {
		"thirdperson_righthand": {
			"translation": [-0.5, 3.5, 0]
		},
		"thirdperson_lefthand": {
			"translation": [-0.5, 3.5, 0]
		},
		"firstperson_righthand": {
			"translation": [-1.25, 6, 2]
		},
		"firstperson_lefthand": {
			"translation": [-1.25, 6, 2]
		},
		"ground": {
			"translation": [0, 4.5, 0]
		},
		"gui": {
			"rotation": [32, 44, 0],
			"translation": [0, 5.5, 0],
			"scale": [1.5, 1.5, 1.5]
		},
		"head": {
			"translation": [0, 14.25, 0]
		},
		"fixed": {
			"rotation": [-90, 0, 0],
			"translation": [0, 0, -16],
			"scale": [2, 2, 2]
		}
	}
}