{
	"credit": "Made with Blockbench",
	"textures": {
		"ring_gold": "block/ring_gold",
		"particle": "block/ring_gold"
	},
	"elements": [
		{
			"from": [7, 0, 8],
			"to": [10, 0.5, 9],
			"faces": {
				"north": {"uv": [0, 0, 3, 1], "texture": "#ring_gold"},
				"east": {"uv": [6, 6, 7, 7], "texture": "#ring_gold"},
				"south": {"uv": [0, 1, 3, 2], "texture": "#ring_gold"},
				"west": {"uv": [0, 7, 1, 8], "texture": "#ring_gold"},
				"up": {"uv": [3, 3, 0, 2], "texture": "#ring_gold"},
				"down": {"uv": [3, 3, 0, 4], "texture": "#ring_gold"}
			}
		},
		{
			"from": [7, 3, 8],
			"to": [10, 3.5, 9],
			"faces": {
				"north": {"uv": [3, 0, 6, 1], "texture": "#ring_gold"},
				"east": {"uv": [7, 0, 8, 1], "texture": "#ring_gold"},
				"south": {"uv": [3, 1, 6, 2], "texture": "#ring_gold"},
				"west": {"uv": [1, 7, 2, 8], "texture": "#ring_gold"},
				"up": {"uv": [6, 3, 3, 2], "texture": "#ring_gold"},
				"down": {"uv": [6, 3, 3, 4], "texture": "#ring_gold"}
			}
		},
		{
			"from": [7, 0.5, 8],
			"to": [7.5, 3, 9],
			"faces": {
				"north": {"uv": [0, 4, 1, 7], "texture": "#ring_gold"},
				"east": {"uv": [1, 4, 2, 7], "texture": "#ring_gold"},
				"south": {"uv": [2, 4, 3, 7], "texture": "#ring_gold"},
				"west": {"uv": [3, 4, 4, 7], "texture": "#ring_gold"},
				"up": {"uv": [8, 2, 7, 1], "texture": "#ring_gold"},
				"down": {"uv": [3, 7, 2, 8], "texture": "#ring_gold"}
			}
		},
		{
			"from": [9.5, 0.5, 8],
			"to": [10, 3, 9],
			"faces": {
				"north": {"uv": [4, 4, 5, 7], "texture": "#ring_gold"},
				"east": {"uv": [5, 4, 6, 7], "texture": "#ring_gold"},
				"south": {"uv": [6, 0, 7, 3], "texture": "#ring_gold"},
				"west": {"uv": [6, 3, 7, 6], "texture": "#ring_gold"},
				"up": {"uv": [8, 3, 7, 2], "texture": "#ring_gold"},
				"down": {"uv": [4, 7, 3, 8], "texture": "#ring_gold"}
			}
		}
	],
	"display": {
		"thirdperson_righthand": {
			"translation": [0, 3.75, 0],
			"scale": [0.5, 0.5, 0.5]
		},
		"thirdperson_lefthand": {
			"rotation": [0, 90, 0],
			"translation": [1, 2.5, 0.25],
			"scale": [0.5, 0.5, 0.5]
		},
		"firstperson_righthand": {
			"translation": [0, 8.75, 0]
		},
		"firstperson_lefthand": {
			"rotation": [0, 79, 9],
			"translation": [1.75, 6.75, 3]
		},
		"ground": {
			"translation": [0, 5, 0]
		},
		"gui": {
			"rotation": [36, 36, 0],
			"translation": [-0.75, 5.5, 0]
		},
		"head": {
			"rotation": [90, 0, 0],
			"translation": [-2, 10.5, 21.25],
			"scale": [4, 3.42, 0.5]
		},
		"fixed": {
			"rotation": [0, 0, 24],
			"translation": [-5, 12, -1.25],
			"scale": [2, 2, 2]
		}
	}
}