{
	"credit": "Made with Blockbench",
	"textures": {
		"ring_ruby": "block/ring_ruby",
		"particle": "block/ring_ruby"
	},
	"elements": [
		{
			"from": [7, 0, 8],
			"to": [10, 0.5, 9],
			"faces": {
				"north": {"uv": [8, 2, 11, 3], "texture": "#ring_ruby"},
				"east": {"uv": [2, 11, 3, 12], "texture": "#ring_ruby"},
				"south": {"uv": [9, 3, 12, 4], "texture": "#ring_ruby"},
				"west": {"uv": [2, 12, 3, 13], "texture": "#ring_ruby"},
				"up": {"uv": [7, 10, 4, 9], "texture": "#ring_ruby"},
				"down": {"uv": [12, 4, 9, 5], "texture": "#ring_ruby"}
			}
		},
		{
			"from": [7, 3, 8],
			"to": [10, 3.5, 9],
			"faces": {
				"north": {"uv": [9, 5, 12, 6], "texture": "#ring_ruby"},
				"east": {"uv": [10, 12, 11, 13], "texture": "#ring_ruby"},
				"south": {"uv": [9, 6, 12, 7], "texture": "#ring_ruby"},
				"west": {"uv": [12, 10, 13, 11], "texture": "#ring_ruby"},
				"up": {"uv": [10, 10, 7, 9], "texture": "#ring_ruby"},
				"down": {"uv": [3, 10, 0, 11], "texture": "#ring_ruby"}
			}
		},
		{
			"from": [7, 0.5, 8],
			"to": [7.5, 3, 9],
			"faces": {
				"north": {"uv": [3, 10, 4, 13], "texture": "#ring_ruby"},
				"east": {"uv": [4, 10, 5, 13], "texture": "#ring_ruby"},
				"south": {"uv": [5, 10, 6, 13], "texture": "#ring_ruby"},
				"west": {"uv": [6, 10, 7, 13], "texture": "#ring_ruby"},
				"up": {"uv": [12, 13, 11, 12], "texture": "#ring_ruby"},
				"down": {"uv": [13, 11, 12, 12], "texture": "#ring_ruby"}
			}
		},
		{
			"from": [9.5, 0.5, 8],
			"to": [10, 3, 9],
			"faces": {
				"north": {"uv": [7, 10, 8, 13], "texture": "#ring_ruby"},
				"east": {"uv": [10, 7, 11, 10], "texture": "#ring_ruby"},
				"south": {"uv": [8, 10, 9, 13], "texture": "#ring_ruby"},
				"west": {"uv": [9, 10, 10, 13], "texture": "#ring_ruby"},
				"up": {"uv": [13, 13, 12, 12], "texture": "#ring_ruby"},
				"down": {"uv": [1, 13, 0, 14], "texture": "#ring_ruby"}
			}
		},
		{
			"from": [5, 6, 7.75],
			"to": [6.5, 6.5, 9.25],
			"rotation": {"angle": -22.5, "axis": "z", "origin": [0, 0, 0]},
			"faces": {
				"north": {"uv": [10, 0, 12, 1], "texture": "#ring_ruby"},
				"east": {"uv": [10, 1, 12, 2], "texture": "#ring_ruby"},
				"south": {"uv": [10, 10, 12, 11], "texture": "#ring_ruby"},
				"west": {"uv": [0, 11, 2, 12], "texture": "#ring_ruby"},
				"up": {"uv": [9, 5, 7, 3], "texture": "#ring_ruby"},
				"down": {"uv": [6, 7, 4, 9], "texture": "#ring_ruby"}
			}
		},
		{
			"from": [9, -0.5, 7.75],
			"to": [10.5, 0, 9.25],
			"rotation": {"angle": 22.5, "axis": "z", "origin": [0, 0, 0]},
			"faces": {
				"north": {"uv": [11, 2, 13, 3], "texture": "#ring_ruby"},
				"east": {"uv": [11, 7, 13, 8], "texture": "#ring_ruby"},
				"south": {"uv": [11, 8, 13, 9], "texture": "#ring_ruby"},
				"west": {"uv": [11, 9, 13, 10], "texture": "#ring_ruby"},
				"up": {"uv": [9, 7, 7, 5], "texture": "#ring_ruby"},
				"down": {"uv": [8, 7, 6, 9], "texture": "#ring_ruby"}
			}
		},
		{
			"from": [7.75, 6, 5],
			"to": [9.25, 6.5, 6.5],
			"rotation": {"angle": 22.5, "axis": "x", "origin": [0, 0, 0]},
			"faces": {
				"north": {"uv": [10, 11, 12, 12], "texture": "#ring_ruby"},
				"east": {"uv": [0, 12, 2, 13], "texture": "#ring_ruby"},
				"south": {"uv": [12, 0, 14, 1], "texture": "#ring_ruby"},
				"west": {"uv": [12, 1, 14, 2], "texture": "#ring_ruby"},
				"up": {"uv": [2, 10, 0, 8], "texture": "#ring_ruby"},
				"down": {"uv": [10, 0, 8, 2], "texture": "#ring_ruby"}
			}
		},
		{
			"from": [7.75, -0.5, 9],
			"to": [9.25, 0, 10.5],
			"rotation": {"angle": -22.5, "axis": "x", "origin": [0, 0, 0]},
			"faces": {
				"north": {"uv": [12, 3, 14, 4], "texture": "#ring_ruby"},
				"east": {"uv": [12, 4, 14, 5], "texture": "#ring_ruby"},
				"south": {"uv": [12, 5, 14, 6], "texture": "#ring_ruby"},
				"west": {"uv": [12, 6, 14, 7], "texture": "#ring_ruby"},
				"up": {"uv": [4, 10, 2, 8], "texture": "#ring_ruby"},
				"down": {"uv": [10, 7, 8, 9], "texture": "#ring_ruby"}
			}
		},
		{
			"from": [8, 3.5, 8],
			"to": [9, 4.5, 9],
			"faces": {
				"north": {"uv": [1, 13, 2, 14], "texture": "#ring_ruby"},
				"east": {"uv": [2, 13, 3, 14], "texture": "#ring_ruby"},
				"south": {"uv": [13, 2, 14, 3], "texture": "#ring_ruby"},
				"west": {"uv": [3, 13, 4, 14], "texture": "#ring_ruby"},
				"up": {"uv": [5, 14, 4, 13], "texture": "#ring_ruby"},
				"down": {"uv": [6, 13, 5, 14], "texture": "#ring_ruby"}
			}
		}
	],
	"display": {
		"thirdperson_righthand": {
			"translation": [0, 3.75, 0],
			"scale": [0.5, 0.5, 0.5]
		},
		"thirdperson_lefthand": {
			"rotation": [-90, 90, 0],
			"translation": [1, -0.75, -2.5],
			"scale": [0.5, 0.5, 0.5]
		},
		"firstperson_righthand": {
			"translation": [0, 8.75, 0]
		},
		"firstperson_lefthand": {
			"rotation": [0, 180, 9],
			"translation": [1.25, 6.75, 3]
		},
		"ground": {
			"translation": [0, 5, 0]
		},
		"gui": {
			"rotation": [36, 36, 0],
			"translation": [-0.75, 5.5, 0]
		},
		"head": {
			"rotation": [90, 0, 0],
			"translation": [-2, 10.5, 21.25],
			"scale": [4, 3.42, 0.5]
		},
		"fixed": {
			"rotation": [-11, 0, 24],
			"translation": [-5, 12, -5],
			"scale": [2, 2, 2]
		}
	}
}