{
	"credit": "Made with Blockbench",
	"textures": {
		"rumslovo": "./rumslovo",
		"particle": "./rumslovo"
	},
	"elements": [
		{
			"from": [7, 0, 7],
			"to": [9, 0.2, 9],
			"faces": {
				"north": {"uv": [4, 6, 6, 6.5], "texture": "#rumslovo"},
				"east": {"uv": [6, 4, 8, 4.5], "texture": "#rumslovo"},
				"south": {"uv": [6, 5, 8, 5.5], "texture": "#rumslovo"},
				"west": {"uv": [6, 6, 8, 6.5], "texture": "#rumslovo"},
				"up": {"uv": [2, 2, 0, 0], "texture": "#rumslovo"},
				"down": {"uv": [2, 2, 0, 4], "texture": "#rumslovo"}
			}
		},
		{
			"from": [6.9, 0.2, 6.9],
			"to": [9.1, 2.2, 9.1],
			"faces": {
				"north": {"uv": [2, 0, 4, 2], "texture": "#rumslovo"},
				"east": {"uv": [2, 2, 4, 4], "texture": "#rumslovo"},
				"south": {"uv": [0, 4, 2, 6], "texture": "#rumslovo"},
				"west": {"uv": [4, 0, 6, 2], "texture": "#rumslovo"},
				"up": {"uv": [4, 6, 2, 4], "texture": "#rumslovo"},
				"down": {"uv": [6, 2, 4, 4], "texture": "#rumslovo"}
			}
		},
		{
			"from": [7, 2.2, 7],
			"to": [9, 2.4, 9],
			"faces": {
				"north": {"uv": [7, 0, 9, 0.5], "texture": "#rumslovo"},
				"east": {"uv": [7, 1, 9, 1.5], "texture": "#rumslovo"},
				"south": {"uv": [7, 2, 9, 2.5], "texture": "#rumslovo"},
				"west": {"uv": [7, 3, 9, 3.5], "texture": "#rumslovo"},
				"up": {"uv": [6, 6, 4, 4], "texture": "#rumslovo"},
				"down": {"uv": [2, 6, 0, 8], "texture": "#rumslovo"}
			}
		},
		{
			"from": [7.5, 2.4, 7.5],
			"to": [8.5, 3.8, 8.5],
			"faces": {
				"north": {"uv": [6, 0, 7, 1.5], "texture": "#rumslovo"},
				"east": {"uv": [2, 6, 3, 7.5], "texture": "#rumslovo"},
				"south": {"uv": [6, 2, 7, 3.5], "texture": "#rumslovo"},
				"west": {"uv": [3, 6, 4, 7.5], "texture": "#rumslovo"},
				"up": {"uv": [5, 8, 4, 7], "texture": "#rumslovo"},
				"down": {"uv": [6, 7, 5, 8], "texture": "#rumslovo"}
			}
		},
		{
			"from": [7.4, 3.8, 7.4],
			"to": [8.6, 4.2, 8.6],
			"faces": {
				"north": {"uv": [0, 8, 1, 8.5], "texture": "#rumslovo"},
				"east": {"uv": [1, 8, 2, 8.5], "texture": "#rumslovo"},
				"south": {"uv": [2, 8, 3, 8.5], "texture": "#rumslovo"},
				"west": {"uv": [3, 8, 4, 8.5], "texture": "#rumslovo"},
				"up": {"uv": [7, 8, 6, 7], "texture": "#rumslovo"},
				"down": {"uv": [8, 7, 7, 8], "texture": "#rumslovo"}
			}
		}
	],
	"display": {
		"thirdperson_righthand": {
			"rotation": [0, 180, 0],
			"translation": [-0.5, 11.75, -2],
			"scale": [2, 2, 2]
		},
		"thirdperson_lefthand": {
			"rotation": [0, 180, 0],
			"translation": [-0.5, 11.75, -2],
			"scale": [2, 2, 2]
		},
		"firstperson_righthand": {
			"rotation": [0, -40, 0],
			"translation": [0.25, 12.75, 0],
			"scale": [2, 2, 2]
		},
		"firstperson_lefthand": {
			"rotation": [0, -40, 0],
			"translation": [0.25, 12.75, 0],
			"scale": [2, 2, 2]
		},
		"ground": {
			"translation": [0, 12.75, 0],
			"scale": [2, 2, 2]
		},
		"gui": {
			"rotation": [15, -26, 0],
			"translation": [0, 17.5, 0],
			"scale": [3, 3, 3]
		},
		"head": {
			"rotation": [0, 180, 0],
			"translation": [0, 22.25, 0],
			"scale": [2, 2, 2]
		},
		"fixed": {
			"rotation": [-90, 0, 0],
			"translation": [0, 0, -24],
			"scale": [3, 3, 3]
		}
	}
}