{
	"credit": "Made with Blockbench",
	"textures": {
		"energyopta": "./energyopta",
		"particle": "./energyopta"
	},
	"elements": [
		{
			"from": [7, 0, 7],
			"to": [9, 0.2, 9],
			"rotation": {"angle": 0, "axis": "y", "origin": [8, 1, 8]},
			"faces": {
				"north": {"uv": [9, 0, 11, 0.5], "texture": "#energyopta"},
				"east": {"uv": [9, 1, 11, 1.5], "texture": "#energyopta"},
				"south": {"uv": [9, 2, 11, 2.5], "texture": "#energyopta"},
				"west": {"uv": [9, 3, 11, 3.5], "texture": "#energyopta"},
				"up": {"uv": [4, 8, 2, 6], "texture": "#energyopta"},
				"down": {"uv": [8, 3, 6, 5], "texture": "#energyopta"}
			}
		},
		{
			"from": [9, 0.2, 7],
			"to": [9.1, 3.2, 9],
			"faces": {
				"north": {"uv": [8, 0, 8.5, 3], "texture": "#energyopta"},
				"east": {"uv": [0, 0, 2, 3], "texture": "#energyopta"},
				"south": {"uv": [2, 8, 2.5, 11], "texture": "#energyopta"},
				"west": {"uv": [2, 0, 4, 3], "texture": "#energyopta"},
				"up": {"uv": [1.5, 11, 1, 9], "texture": "#energyopta"},
				"down": {"uv": [9.5, 4, 9, 6], "texture": "#energyopta"}
			}
		},
		{
			"from": [6.9, 0.2, 7],
			"to": [7, 3.2, 9],
			"faces": {
				"north": {"uv": [3, 8, 3.5, 11], "texture": "#energyopta"},
				"east": {"uv": [0, 3, 2, 6], "texture": "#energyopta"},
				"south": {"uv": [8, 3, 8.5, 6], "texture": "#energyopta"},
				"west": {"uv": [2, 3, 4, 6], "texture": "#energyopta"},
				"up": {"uv": [6.5, 11, 6, 9], "texture": "#energyopta"},
				"down": {"uv": [9.5, 6, 9, 8], "texture": "#energyopta"}
			}
		},
		{
			"from": [7, 0.2, 6.9],
			"to": [9, 3.2, 7],
			"faces": {
				"north": {"uv": [4, 0, 6, 3], "texture": "#energyopta"},
				"east": {"uv": [4, 8, 4.5, 11], "texture": "#energyopta"},
				"south": {"uv": [4, 3, 6, 6], "texture": "#energyopta"},
				"west": {"uv": [5, 8, 5.5, 11], "texture": "#energyopta"},
				"up": {"uv": [9, 9.5, 7, 9], "texture": "#energyopta"},
				"down": {"uv": [11, 8, 9, 8.5], "texture": "#energyopta"}
			}
		},
		{
			"from": [7, 0.2, 9],
			"to": [9, 3.2, 9.1],
			"faces": {
				"north": {"uv": [0, 6, 2, 9], "texture": "#energyopta"},
				"east": {"uv": [8, 6, 8.5, 9], "texture": "#energyopta"},
				"south": {"uv": [6, 0, 8, 3], "texture": "#energyopta"},
				"west": {"uv": [0, 9, 0.5, 12], "texture": "#energyopta"},
				"up": {"uv": [11, 9.5, 9, 9], "texture": "#energyopta"},
				"down": {"uv": [12, 4, 10, 4.5], "texture": "#energyopta"}
			}
		},
		{
			"from": [7, 3.1, 7],
			"to": [9, 3.3, 9],
			"rotation": {"angle": 0, "axis": "y", "origin": [8, 1, 8]},
			"faces": {
				"north": {"uv": [10, 5, 12, 5.5], "texture": "#energyopta"},
				"east": {"uv": [10, 6, 12, 6.5], "texture": "#energyopta"},
				"south": {"uv": [7, 10, 9, 10.5], "texture": "#energyopta"},
				"west": {"uv": [10, 7, 12, 7.5], "texture": "#energyopta"},
				"up": {"uv": [6, 8, 4, 6], "texture": "#energyopta"},
				"down": {"uv": [8, 5, 6, 7], "texture": "#energyopta"}
			}
		},
		{
			"from": [7.5, 6.2, 5],
			"to": [8.5, 6.2, 7.2],
			"rotation": {"angle": 22.5, "axis": "x", "origin": [0, 0, 0]},
			"faces": {
				"north": {"uv": [0, 0, 1, 0], "texture": "#energyopta"},
				"east": {"uv": [0, 0, 2, 0], "texture": "#energyopta"},
				"south": {"uv": [0, 0, 1, 0], "texture": "#energyopta"},
				"west": {"uv": [0, 0, 2, 0], "texture": "#energyopta"},
				"up": {"uv": [7, 9, 6, 7], "texture": "#energyopta"},
				"down": {"uv": [8, 7, 7, 9], "texture": "#energyopta"}
			}
		}
	],
	"display": {
		"thirdperson_righthand": {
			"translation": [-0.75, 7, 0],
			"scale": [1, 1.4, 1]
		},
		"thirdperson_lefthand": {
			"translation": [-0.75, 7, 0],
			"scale": [1, 1.4, 1]
		},
		"firstperson_righthand": {
			"translation": [0, 10.5, 0.75],
			"scale": [1, 1.4, 1]
		},
		"firstperson_lefthand": {
			"translation": [0, 10.5, 0.75],
			"scale": [1, 1.4, 1]
		},
		"ground": {
			"translation": [0, 8.75, 0],
			"scale": [1, 1.4, 1]
		},
		"gui": {
			"rotation": [28, -44, 0],
			"translation": [0, 13.25, 0],
			"scale": [2, 2.4, 2]
		},
		"head": {
			"rotation": [0, -142, 0],
			"translation": [0, 17.75, 0],
			"scale": [1, 1.4, 1]
		},
		"fixed": {
			"rotation": [-90, 0, 0],
			"translation": [0, 0, -19.5],
			"scale": [2, 2.4, 2]
		}
	},
	"groups": [
		{
			"name": "group",
			"origin": [8, 8, 8],
			"color": 0,
			"nbt": "{}",
			"children": [0, 1, 2, 3, 4, 5]
		},
		6
	]
}