{
	"credit": "Made with Blockbench",
	"texture_size": [32, 32],
        "textures": {
		"particle": "./ak74m",
		"ak74m": "./ak74m"
	},
	"elements": [
		{
			"from": [7, 9, 3],
			"to": [8.5, 10, 11],
			"faces": {
				"north": {"uv": [9.5, 1.5, 10.25, 2], "texture": "#ak74m"},
				"east": {"uv": [2, 3, 6, 3.5], "texture": "#ak74m"},
				"south": {"uv": [9.5, 4.5, 10.25, 5], "texture": "#ak74m"},
				"west": {"uv": [2, 3.5, 6, 4], "texture": "#ak74m"},
				"up": {"uv": [0.75, 4, 0, 0], "texture": "#ak74m"},
				"down": {"uv": [1.75, 0, 1, 4], "texture": "#ak74m"}
			}
		},
		{
			"from": [7, 8, 14],
			"to": [8.5, 11, 15],
			"faces": {
				"north": {"uv": [0, 6, 0.75, 7.5], "texture": "#ak74m"},
				"east": {"uv": [6, 7.5, 6.5, 9], "texture": "#ak74m"},
				"south": {"uv": [6, 0, 6.75, 1.5], "texture": "#ak74m"},
				"west": {"uv": [6.5, 7.5, 7, 9], "texture": "#ak74m"},
				"up": {"uv": [10.25, 5.5, 9.5, 5], "texture": "#ak74m"},
				"down": {"uv": [10.25, 5.5, 9.5, 6], "texture": "#ak74m"}
			}
		},
		{
			"from": [7, 10, 11],
			"to": [8.5, 11, 14],
			"faces": {
				"north": {"uv": [9.5, 6, 10.25, 6.5], "texture": "#ak74m"},
				"east": {"uv": [7.5, 2, 9, 2.5], "texture": "#ak74m"},
				"south": {"uv": [9.5, 6.5, 10.25, 7], "texture": "#ak74m"},
				"west": {"uv": [7, 7.5, 8.5, 8], "texture": "#ak74m"},
				"up": {"uv": [6.75, 4, 6, 2.5], "texture": "#ak74m"},
				"down": {"uv": [4.75, 6, 4, 7.5], "texture": "#ak74m"}
			}
		},
		{
			"from": [7, 13, 6],
			"to": [8.5, 14, 10],
			"rotation": {"angle": 22.5, "axis": "x", "origin": [0, 0, 0]},
			"faces": {
				"north": {"uv": [9.5, 7, 10.25, 7.5], "texture": "#ak74m"},
				"east": {"uv": [4, 2.5, 6, 3], "texture": "#ak74m"},
				"south": {"uv": [9.5, 8, 10.25, 8.5], "texture": "#ak74m"},
				"west": {"uv": [2, 6.5, 4, 7], "texture": "#ak74m"},
				"up": {"uv": [2.75, 6.5, 2, 4.5], "texture": "#ak74m"},
				"down": {"uv": [3.75, 4.5, 3, 6.5], "texture": "#ak74m"}
			}
		},
		{
			"from": [7, 14, 4],
			"to": [8.5, 14.5, 6],
			"rotation": {"angle": 22.5, "axis": "x", "origin": [0, 0, 0]},
			"faces": {
				"north": {"uv": [3.5, 10.5, 4.25, 10.75], "texture": "#ak74m"},
				"east": {"uv": [10, 3.5, 11, 3.75], "texture": "#ak74m"},
				"south": {"uv": [10.5, 4, 11.25, 4.25], "texture": "#ak74m"},
				"west": {"uv": [4, 10, 5, 10.25], "texture": "#ak74m"},
				"up": {"uv": [8.75, 1, 8, 0], "texture": "#ak74m"},
				"down": {"uv": [1.75, 8, 1, 9], "texture": "#ak74m"}
			}
		},
		{
			"from": [7, 11, 4],
			"to": [8.5, 11.75, 10],
			"faces": {
				"north": {"uv": [10, 2.5, 10.75, 2.875], "texture": "#ak74m"},
				"east": {"uv": [5, 1.5, 8, 1.875], "texture": "#ak74m"},
				"south": {"uv": [10, 3, 10.75, 3.375], "texture": "#ak74m"},
				"west": {"uv": [6, 4, 9, 4.375], "texture": "#ak74m"},
				"up": {"uv": [2.75, 3, 2, 0], "texture": "#ak74m"},
				"down": {"uv": [3.75, 0, 3, 3], "texture": "#ak74m"}
			}
		},
		{
			"from": [7.25, 2, 11],
			"to": [8.25, 6, 13],
			"rotation": {"angle": -22.5, "axis": "x", "origin": [0, 0, 0]},
			"faces": {
				"north": {"uv": [2, 7, 2.5, 9], "texture": "#ak74m"},
				"east": {"uv": [0, 4, 1, 6], "texture": "#ak74m"},
				"south": {"uv": [2.5, 7, 3, 9], "texture": "#ak74m"},
				"west": {"uv": [4, 0, 5, 2], "texture": "#ak74m"},
				"up": {"uv": [9.5, 4, 9, 3], "texture": "#ak74m"},
				"down": {"uv": [6.5, 9, 6, 10], "texture": "#ak74m"}
			}
		},
		{
			"from": [7.25, 8, 7],
			"to": [8.25, 8.2, 9],
			"faces": {
				"north": {"uv": [11, 2.5, 11.5, 2.625], "texture": "#ak74m"},
				"east": {"uv": [6, 10.5, 7, 10.625], "texture": "#ak74m"},
				"south": {"uv": [11, 3, 11.5, 3.125], "texture": "#ak74m"},
				"west": {"uv": [10.5, 6, 11.5, 6.125], "texture": "#ak74m"},
				"up": {"uv": [7, 10, 6.5, 9], "texture": "#ak74m"},
				"down": {"uv": [7.5, 9, 7, 10], "texture": "#ak74m"}
			}
		},
		{
			"from": [7.25, 8, 6.4],
			"to": [8.25, 9, 7],
			"faces": {
				"north": {"uv": [4.5, 4, 5, 4.5], "texture": "#ak74m"},
				"east": {"uv": [10.5, 6.5, 10.75, 7], "texture": "#ak74m"},
				"south": {"uv": [2.5, 10, 3, 10.5], "texture": "#ak74m"},
				"west": {"uv": [7, 10.5, 7.25, 11], "texture": "#ak74m"},
				"up": {"uv": [11, 7.25, 10.5, 7], "texture": "#ak74m"},
				"down": {"uv": [11, 7.5, 10.5, 7.75], "texture": "#ak74m"}
			}
		},
		{
			"from": [7.75, 8, 7],
			"to": [7.75, 10, 9],
			"faces": {
				"north": {"uv": [0, 0, 0, 1], "texture": "#ak74m"},
				"east": {"uv": [7, 0, 8, 1], "texture": "#ak74m"},
				"south": {"uv": [0, 0, 0, 1], "texture": "#ak74m"},
				"west": {"uv": [7, 2.5, 8, 3.5], "texture": "#ak74m"},
				"up": {"uv": [0, 1, 0, 0], "texture": "#ak74m"},
				"down": {"uv": [0, 0, 0, 1], "texture": "#ak74m"}
			}
		},
		{
			"from": [8, 10, 7],
			"to": [8.5, 11, 11],
			"faces": {
				"north": {"uv": [10.5, 8, 10.75, 8.5], "texture": "#ak74m"},
				"east": {"uv": [7, 1, 9, 1.5], "texture": "#ak74m"},
				"south": {"uv": [8.5, 10.5, 8.75, 11], "texture": "#ak74m"},
				"west": {"uv": [7, 3.5, 9, 4], "texture": "#ak74m"},
				"up": {"uv": [7.75, 11, 7.5, 9], "texture": "#ak74m"},
				"down": {"uv": [8.25, 9, 8, 11], "texture": "#ak74m"}
			}
		},
		{
			"from": [7, 10, 4],
			"to": [8, 11, 11],
			"faces": {
				"north": {"uv": [10, 4, 10.5, 4.5], "texture": "#ak74m"},
				"east": {"uv": [1, 4, 4.5, 4.5], "texture": "#ak74m"},
				"south": {"uv": [6, 10, 6.5, 10.5], "texture": "#ak74m"},
				"west": {"uv": [4, 2, 7.5, 2.5], "texture": "#ak74m"},
				"up": {"uv": [1.5, 8, 1, 4.5], "texture": "#ak74m"},
				"down": {"uv": [2, 4.5, 1.5, 8], "texture": "#ak74m"}
			}
		},
		{
			"from": [7, 10, 2],
			"to": [8.5, 11.8, 4],
			"faces": {
				"north": {"uv": [9, 0, 9.75, 0.875], "texture": "#ak74m"},
				"east": {"uv": [5, 7, 6, 7.875], "texture": "#ak74m"},
				"south": {"uv": [1, 9, 1.75, 9.875], "texture": "#ak74m"},
				"west": {"uv": [7, 6.5, 8, 7.375], "texture": "#ak74m"},
				"up": {"uv": [8.75, 3.5, 8, 2.5], "texture": "#ak74m"},
				"down": {"uv": [5.75, 8, 5, 9], "texture": "#ak74m"}
			}
		},
		{
			"from": [7, 9, 0],
			"to": [8.5, 10, 3],
			"faces": {
				"north": {"uv": [9.5, 8.5, 10.25, 9], "texture": "#ak74m"},
				"east": {"uv": [8, 1.5, 9.5, 2], "texture": "#ak74m"},
				"south": {"uv": [9.5, 9, 10.25, 9.5], "texture": "#ak74m"},
				"west": {"uv": [8, 6.5, 9.5, 7], "texture": "#ak74m"},
				"up": {"uv": [6.75, 6, 6, 4.5], "texture": "#ak74m"},
				"down": {"uv": [6.75, 6, 6, 7.5], "texture": "#ak74m"}
			}
		},
		{
			"from": [7, 10.1, 0],
			"to": [8.5, 11.8, 2],
			"faces": {
				"north": {"uv": [2, 9, 2.75, 9.875], "texture": "#ak74m"},
				"east": {"uv": [0, 7.5, 1, 8.375], "texture": "#ak74m"},
				"south": {"uv": [9, 2, 9.75, 2.875], "texture": "#ak74m"},
				"west": {"uv": [4, 7.5, 5, 8.375], "texture": "#ak74m"},
				"up": {"uv": [7.75, 9, 7, 8], "texture": "#ak74m"},
				"down": {"uv": [8.75, 8, 8, 9], "texture": "#ak74m"}
			}
		},
		{
			"from": [7.25, 10.5, -1],
			"to": [8.25, 11.5, 0],
			"faces": {
				"north": {"uv": [6.5, 10, 7, 10.5], "texture": "#ak74m"},
				"east": {"uv": [7, 10, 7.5, 10.5], "texture": "#ak74m"},
				"south": {"uv": [10, 7.5, 10.5, 8], "texture": "#ak74m"},
				"west": {"uv": [8.5, 10, 9, 10.5], "texture": "#ak74m"},
				"up": {"uv": [9.5, 10.5, 9, 10], "texture": "#ak74m"},
				"down": {"uv": [10, 10, 9.5, 10.5], "texture": "#ak74m"}
			}
		},
		{
			"from": [7.5, 10, -2],
			"to": [8, 10.2, 3],
			"faces": {
				"north": {"uv": [11, 4.5, 11.25, 4.625], "texture": "#ak74m"},
				"east": {"uv": [10, 1, 12.5, 1.125], "texture": "#ak74m"},
				"south": {"uv": [11, 5, 11.25, 5.125], "texture": "#ak74m"},
				"west": {"uv": [10, 2, 12.5, 2.125], "texture": "#ak74m"},
				"up": {"uv": [5.25, 11.5, 5, 9], "texture": "#ak74m"},
				"down": {"uv": [5.75, 9, 5.5, 11.5], "texture": "#ak74m"}
			}
		},
		{
			"from": [7.36, 9.75, -5],
			"to": [8.11, 10.5, 0],
			"faces": {
				"north": {"uv": [4.5, 10.5, 4.875, 10.875], "texture": "#ak74m"},
				"east": {"uv": [7, 4.5, 9.5, 4.875], "texture": "#ak74m"},
				"south": {"uv": [10.5, 4.5, 10.875, 4.875], "texture": "#ak74m"},
				"west": {"uv": [7, 5, 9.5, 5.375], "texture": "#ak74m"},
				"up": {"uv": [3.375, 9.5, 3, 7], "texture": "#ak74m"},
				"down": {"uv": [3.875, 7, 3.5, 9.5], "texture": "#ak74m"}
			}
		},
		{
			"from": [7.25, 11, 2],
			"to": [8.25, 12, 4],
			"faces": {
				"north": {"uv": [10, 10, 10.5, 10.5], "texture": "#ak74m"},
				"east": {"uv": [9, 1, 10, 1.5], "texture": "#ak74m"},
				"south": {"uv": [0, 10.5, 0.5, 11], "texture": "#ak74m"},
				"west": {"uv": [9, 4, 10, 4.5], "texture": "#ak74m"},
				"up": {"uv": [9.5, 9, 9, 8], "texture": "#ak74m"},
				"down": {"uv": [9, 9, 8.5, 10], "texture": "#ak74m"}
			}
		},
		{
			"from": [7.25, 12, 4],
			"to": [8.25, 12.25, 4],
			"faces": {
				"north": {"uv": [3.5, 11, 4, 11.125], "texture": "#ak74m"},
				"east": {"uv": [0, 0, 0, 0.125], "texture": "#ak74m"},
				"south": {"uv": [11, 3.5, 11.5, 3.625], "texture": "#ak74m"},
				"west": {"uv": [0, 0, 0, 0.125], "texture": "#ak74m"},
				"up": {"uv": [0.5, 0, 0, 0], "texture": "#ak74m"},
				"down": {"uv": [0.5, 0, 0, 0], "texture": "#ak74m"}
			}
		},
		{
			"from": [7.36, 9.75, 2],
			"to": [8.11, 10.5, 4],
			"rotation": {"angle": -22.5, "axis": "x", "origin": [0, 0, 0]},
			"faces": {
				"north": {"uv": [10.5, 5, 10.875, 5.375], "texture": "#ak74m"},
				"east": {"uv": [9.5, 9.5, 10.5, 9.875], "texture": "#ak74m"},
				"south": {"uv": [10.5, 5.5, 10.875, 5.875], "texture": "#ak74m"},
				"west": {"uv": [0, 10, 1, 10.375], "texture": "#ak74m"},
				"up": {"uv": [10.375, 1, 10, 0], "texture": "#ak74m"},
				"down": {"uv": [1.375, 10, 1, 11], "texture": "#ak74m"}
			}
		},
		{
			"from": [7.25, 8.75, 2],
			"to": [8.25, 9.25, 3],
			"faces": {
				"north": {"uv": [10.5, 8.5, 11, 8.75], "texture": "#ak74m"},
				"east": {"uv": [9, 10.5, 9.5, 10.75], "texture": "#ak74m"},
				"south": {"uv": [10.5, 9, 11, 9.25], "texture": "#ak74m"},
				"west": {"uv": [9.5, 10.5, 10, 10.75], "texture": "#ak74m"},
				"up": {"uv": [11, 0.5, 10.5, 0], "texture": "#ak74m"},
				"down": {"uv": [1, 10.5, 0.5, 11], "texture": "#ak74m"}
			}
		},
		{
			"from": [7.5, 10.5, -4.8],
			"to": [8, 11.5, -4.3],
			"faces": {
				"north": {"uv": [10.5, 9.5, 10.75, 10], "texture": "#ak74m"},
				"east": {"uv": [10, 10.5, 10.25, 11], "texture": "#ak74m"},
				"south": {"uv": [10.5, 10, 10.75, 10.5], "texture": "#ak74m"},
				"west": {"uv": [10.5, 10.5, 10.75, 11], "texture": "#ak74m"},
				"up": {"uv": [4.25, 11.25, 4, 11], "texture": "#ak74m"},
				"down": {"uv": [4.75, 11, 4.5, 11.25], "texture": "#ak74m"}
			}
		},
		{
			"from": [7.5, 10.5, 0.2],
			"to": [8, 12.3, 0.4],
			"rotation": {"angle": -22.5, "axis": "x", "origin": [0, 0, 0]},
			"faces": {
				"north": {"uv": [2.5, 10.5, 2.75, 11.375], "texture": "#ak74m"},
				"east": {"uv": [0.5, 11, 0.625, 11.875], "texture": "#ak74m"},
				"south": {"uv": [3, 10.5, 3.25, 11.375], "texture": "#ak74m"},
				"west": {"uv": [1, 11, 1.125, 11.875], "texture": "#ak74m"},
				"up": {"uv": [11.25, 5.625, 11, 5.5], "texture": "#ak74m"},
				"down": {"uv": [6.25, 11, 6, 11.125], "texture": "#ak74m"}
			}
		},
		{
			"from": [7.25, 8, 0.4],
			"to": [8.25, 11, 2.4],
			"rotation": {"angle": 22.5, "axis": "x", "origin": [0, 0, 0]},
			"faces": {
				"north": {"uv": [0, 8.5, 0.5, 10], "texture": "#ak74m"},
				"east": {"uv": [4, 4.5, 5, 6], "texture": "#ak74m"},
				"south": {"uv": [0.5, 8.5, 1, 10], "texture": "#ak74m"},
				"west": {"uv": [5, 0, 6, 1.5], "texture": "#ak74m"},
				"up": {"uv": [9.5, 10, 9, 9], "texture": "#ak74m"},
				"down": {"uv": [3.5, 9.5, 3, 10.5], "texture": "#ak74m"}
			}
		},
		{
			"from": [7.25, 5.3, -2.75],
			"to": [8.25, 8.3, -0.75],
			"rotation": {"angle": 45, "axis": "x", "origin": [0, 0, 0]},
			"faces": {
				"north": {"uv": [4, 8.5, 4.5, 10], "texture": "#ak74m"},
				"east": {"uv": [5, 4, 6, 5.5], "texture": "#ak74m"},
				"south": {"uv": [4.5, 8.5, 5, 10], "texture": "#ak74m"},
				"west": {"uv": [5, 5.5, 6, 7], "texture": "#ak74m"},
				"up": {"uv": [10, 4, 9.5, 3], "texture": "#ak74m"},
				"down": {"uv": [4, 9.5, 3.5, 10.5], "texture": "#ak74m"}
			}
		},
		{
			"from": [7.5, 12, -4.8],
			"to": [8, 12.02, -4.6],
			"faces": {
				"north": {"uv": [6.5, 11, 6.75, 11.125], "texture": "#ak74m"},
				"east": {"uv": [9.5, 11, 9.625, 11.125], "texture": "#ak74m"},
				"south": {"uv": [11, 6.5, 11.25, 6.625], "texture": "#ak74m"},
				"west": {"uv": [11, 9.5, 11.125, 9.625], "texture": "#ak74m"},
				"up": {"uv": [7.25, 11.125, 7, 11], "texture": "#ak74m"},
				"down": {"uv": [11.25, 7, 11, 7.125], "texture": "#ak74m"}
			}
		},
		{
			"from": [7, 10.25, 4],
			"to": [9, 10.75, 4],
			"faces": {
				"north": {"uv": [10.5, 0.5, 11.5, 0.75], "texture": "#ak74m"},
				"east": {"uv": [0, 0, 0, 0.25], "texture": "#ak74m"},
				"south": {"uv": [10.5, 1.5, 11.5, 1.75], "texture": "#ak74m"},
				"west": {"uv": [0, 0, 0, 0.25], "texture": "#ak74m"},
				"up": {"uv": [1, 0, 0, 0], "texture": "#ak74m"},
				"down": {"uv": [1, 0, 0, 0], "texture": "#ak74m"}
			}
		},
		{
			"from": [8, 10, 4],
			"to": [8.4, 11, 7],
			"faces": {
				"north": {"uv": [0, 11, 0.25, 11.5], "texture": "#ak74m"},
				"east": {"uv": [8, 7, 9.5, 7.5], "texture": "#ak74m"},
				"south": {"uv": [11, 0, 11.25, 0.5], "texture": "#ak74m"},
				"west": {"uv": [8.5, 7.5, 10, 8], "texture": "#ak74m"},
				"up": {"uv": [1.75, 11.5, 1.5, 10], "texture": "#ak74m"},
				"down": {"uv": [2.25, 10, 2, 11.5], "texture": "#ak74m"}
			}
		},
		{
			"from": [7.75, 9, -5],
			"to": [7.75, 9.75, 0],
			"faces": {
				"north": {"uv": [0, 0, 0, 0.375], "texture": "#ak74m"},
				"east": {"uv": [7, 5.5, 9.5, 5.875], "texture": "#ak74m"},
				"south": {"uv": [0, 0, 0, 0.375], "texture": "#ak74m"},
				"west": {"uv": [7, 6, 9.5, 6.375], "texture": "#ak74m"},
				"up": {"uv": [0, 2.5, 0, 0], "texture": "#ak74m"},
				"down": {"uv": [0, 0, 0, 2.5], "texture": "#ak74m"}
			}
		},
		{
			"from": [7.5, 11.5, -4.8],
			"to": [7.52, 12, -4.6],
			"faces": {
				"north": {"uv": [7.5, 11, 7.625, 11.25], "texture": "#ak74m"},
				"east": {"uv": [11, 7.5, 11.125, 7.75], "texture": "#ak74m"},
				"south": {"uv": [8, 11, 8.125, 11.25], "texture": "#ak74m"},
				"west": {"uv": [11, 8, 11.125, 8.25], "texture": "#ak74m"},
				"up": {"uv": [10.125, 11.125, 10, 11], "texture": "#ak74m"},
				"down": {"uv": [11.125, 10, 11, 10.125], "texture": "#ak74m"}
			}
		},
		{
			"from": [7.98, 11.5, -4.8],
			"to": [8, 12, -4.6],
			"faces": {
				"north": {"uv": [8.5, 11, 8.625, 11.25], "texture": "#ak74m"},
				"east": {"uv": [11, 8.5, 11.125, 8.75], "texture": "#ak74m"},
				"south": {"uv": [9, 11, 9.125, 11.25], "texture": "#ak74m"},
				"west": {"uv": [11, 9, 11.125, 9.25], "texture": "#ak74m"},
				"up": {"uv": [10.625, 11.125, 10.5, 11], "texture": "#ak74m"},
				"down": {"uv": [11.125, 10.5, 11, 10.625], "texture": "#ak74m"}
			}
		},
		{
			"from": [7.75, 11.5, -4.8],
			"to": [7.77, 11.75, -4.6],
			"faces": {
				"north": {"uv": [11, 11, 11.125, 11.125], "texture": "#ak74m"},
				"east": {"uv": [0, 11.5, 0.125, 11.625], "texture": "#ak74m"},
				"south": {"uv": [11.5, 0, 11.625, 0.125], "texture": "#ak74m"},
				"west": {"uv": [11.5, 0.5, 11.625, 0.625], "texture": "#ak74m"},
				"up": {"uv": [1.625, 11.625, 1.5, 11.5], "texture": "#ak74m"},
				"down": {"uv": [11.625, 1.5, 11.5, 1.625], "texture": "#ak74m"}
			}
		}
	],
	"display": {
		"thirdperson_righthand": {
			"translation": [-0.5, -1.25, 0]
		},
		"thirdperson_lefthand": {
			"translation": [-0.5, -1.25, 0]
		},
		"firstperson_righthand": {
			"translation": [-2.25, 2.25, 4]
		},
		"firstperson_lefthand": {
			"translation": [-2.25, 2.25, 4]
		},
		"gui": {
			"rotation": [90, 55.25, -90],
			"translation": [1.75, -2.75, 0],
			"scale": [0.75, 0.75, 0.97266]
		},
		"head": {
			"rotation": [90, 52.75, -90],
			"translation": [0, -3, 7.5]
		},
		"fixed": {
			"rotation": [0, 90, 0],
			"translation": [6, -1.25, -1.75],
			"scale": [2, 2, 2]
		}
	}
}