{
	"credit": "Made with Blockbench",
	"textures": {
		"super_happy_fun_bomb": "./super_happy_fun_bomb"
	},
	"elements": [
		{
			"from": [1.5, 0, 0],
			"to": [14.5, 4, 16],
			"rotation": {"angle": 0, "axis": "y", "origin": [7.5, 0, 0]},
			"faces": {
				"north": {"uv": [0, 10, 6.5, 12], "texture": "#super_happy_fun_bomb"},
				"east": {"uv": [0, 8, 8, 10], "texture": "#super_happy_fun_bomb"},
				"south": {"uv": [6.5, 10, 13, 12], "texture": "#super_happy_fun_bomb"},
				"west": {"uv": [8, 8, 16, 10], "texture": "#super_happy_fun_bomb"},
				"up": {"uv": [6.5, 8, 0, 0], "texture": "#super_happy_fun_bomb"},
				"down": {"uv": [13, 0, 6.5, 8], "texture": "#super_happy_fun_bomb"}
			}
		},
		{
			"from": [12, 1.5, 16],
			"to": [13, 2.5, 17],
			"rotation": {"angle": 0, "axis": "y", "origin": [7.5, 0, 0]},
			"faces": {
				"north": {"uv": [6, 13, 6.5, 13.5], "texture": "#super_happy_fun_bomb"},
				"east": {"uv": [13, 6, 13.5, 6.5], "texture": "#super_happy_fun_bomb"},
				"south": {"uv": [6.5, 13, 7, 13.5], "texture": "#super_happy_fun_bomb"},
				"west": {"uv": [13, 6.5, 13.5, 7], "texture": "#super_happy_fun_bomb"},
				"up": {"uv": [7.5, 13.5, 7, 13], "texture": "#super_happy_fun_bomb"},
				"down": {"uv": [13.5, 7, 13, 7.5], "texture": "#super_happy_fun_bomb"}
			}
		},
		{
			"from": [7.75, 1.5, 16],
			"to": [8.75, 2.5, 17],
			"rotation": {"angle": 0, "axis": "y", "origin": [7.5, 0, 0]},
			"faces": {
				"north": {"uv": [6, 13, 6.5, 13.5], "texture": "#super_happy_fun_bomb"},
				"east": {"uv": [13, 6, 13.5, 6.5], "texture": "#super_happy_fun_bomb"},
				"south": {"uv": [6.5, 13, 7, 13.5], "texture": "#super_happy_fun_bomb"},
				"west": {"uv": [13, 6.5, 13.5, 7], "texture": "#super_happy_fun_bomb"},
				"up": {"uv": [7.5, 13.5, 7, 13], "texture": "#super_happy_fun_bomb"},
				"down": {"uv": [13.5, 7, 13, 7.5], "texture": "#super_happy_fun_bomb"}
			}
		},
		{
			"from": [3.25, 1.5, 16],
			"to": [4.25, 2.5, 17],
			"rotation": {"angle": 0, "axis": "y", "origin": [7.5, 0, 0]},
			"faces": {
				"north": {"uv": [6, 13, 6.5, 13.5], "texture": "#super_happy_fun_bomb"},
				"east": {"uv": [13, 6, 13.5, 6.5], "texture": "#super_happy_fun_bomb"},
				"south": {"uv": [6.5, 13, 7, 13.5], "texture": "#super_happy_fun_bomb"},
				"west": {"uv": [13, 6.5, 13.5, 7], "texture": "#super_happy_fun_bomb"},
				"up": {"uv": [7.5, 13.5, 7, 13], "texture": "#super_happy_fun_bomb"},
				"down": {"uv": [13.5, 7, 13, 7.5], "texture": "#super_happy_fun_bomb"}
			}
		},
		{
			"from": [5.5, 4, 3],
			"to": [10.5, 5, 10],
			"rotation": {"angle": 0, "axis": "y", "origin": [7.5, 0, 0]},
			"faces": {
				"north": {"uv": [13, 0, 15.5, 0.5], "texture": "#super_happy_fun_bomb"},
				"east": {"uv": [12, 12, 15.5, 12.5], "texture": "#super_happy_fun_bomb"},
				"south": {"uv": [13, 0.5, 15.5, 1], "texture": "#super_happy_fun_bomb"},
				"west": {"uv": [12, 12.5, 15.5, 13], "texture": "#super_happy_fun_bomb"},
				"up": {"uv": [2.5, 15.5, 0, 12], "texture": "#super_happy_fun_bomb"},
				"down": {"uv": [5, 12, 2.5, 15.5], "texture": "#super_happy_fun_bomb"}
			}
		},
		{
			"from": [14.5, 1.125, 10],
			"to": [16.5, 3.125, 15],
			"rotation": {"angle": 0, "axis": "y", "origin": [7.5, 0.025, 0]},
			"faces": {
				"north": {"uv": [5, 13, 6, 14], "texture": "#super_happy_fun_bomb"},
				"east": {"uv": [5, 12, 7.5, 13], "texture": "#super_happy_fun_bomb"},
				"south": {"uv": [13, 5, 14, 6], "texture": "#super_happy_fun_bomb"},
				"west": {"uv": [7.5, 12, 10, 13], "texture": "#super_happy_fun_bomb"},
				"up": {"uv": [11, 14.5, 10, 12], "texture": "#super_happy_fun_bomb"},
				"down": {"uv": [12, 12, 11, 14.5], "texture": "#super_happy_fun_bomb"}
			}
		},
		{
			"from": [14.3444, 3.95413, 11],
			"to": [16.5944, 3.95413, 13],
			"rotation": {"angle": -22.5, "axis": "z", "origin": [14.46052, 3.77736, 14]},
			"faces": {
				"north": {"uv": [0, 0, 1.25, 0], "texture": "#super_happy_fun_bomb"},
				"east": {"uv": [0, 0, 1, 0], "texture": "#super_happy_fun_bomb"},
				"south": {"uv": [0, 0, 1.25, 0], "texture": "#super_happy_fun_bomb"},
				"west": {"uv": [0, 0, 1, 0], "texture": "#super_happy_fun_bomb"},
				"up": {"uv": [14.25, 2, 13, 1], "texture": "#super_happy_fun_bomb"},
				"down": {"uv": [14.25, 2, 13, 3], "texture": "#super_happy_fun_bomb"}
			}
		},
		{
			"from": [14.33602, 0.69356, 11],
			"to": [16.58602, 0.69356, 13],
			"rotation": {"angle": 22.5, "axis": "z", "origin": [15.46102, 0.69356, 11]},
			"faces": {
				"north": {"uv": [0, 0, 1.25, 0], "texture": "#super_happy_fun_bomb"},
				"east": {"uv": [0, 0, 1, 0], "texture": "#super_happy_fun_bomb"},
				"south": {"uv": [0, 0, 1.25, 0], "texture": "#super_happy_fun_bomb"},
				"west": {"uv": [0, 0, 1, 0], "texture": "#super_happy_fun_bomb"},
				"up": {"uv": [14.25, 4, 13, 3], "texture": "#super_happy_fun_bomb"},
				"down": {"uv": [14.25, 4, 13, 5], "texture": "#super_happy_fun_bomb"}
			}
		}
	],
	"display": {
		"thirdperson_righthand": {
			"translation": [0, 3.25, 3.25],
			"scale": [0.45117, 0.45117, 0.45117]
		},
		"thirdperson_lefthand": {
			"translation": [0, 3.25, 3.25],
			"scale": [0.45117, 0.45117, 0.45117]
		},
		"firstperson_righthand": {
			"rotation": [-148.5, -14.5, 180],
			"translation": [-1.25, 4, 2.75],
			"scale": [0.45117, 0.45117, 0.45117]
		},
		"firstperson_lefthand": {
			"rotation": [-148.5, -14.5, 180],
			"translation": [-1.25, 4, 2.75],
			"scale": [0.45117, 0.45117, 0.45117]
		},
		"ground": {
			"translation": [0, 2.25, 0],
			"scale": [0.65, 0.65, 0.65]
		},
		"gui": {
			"rotation": [-90, 45, 145],
			"translation": [-2, 1.75, -6.5],
			"scale": [0.75586, 0.75586, 0.75586]
		},
		"head": {
			"translation": [0, 12, 0],
			"scale": [0.68945, 0.68945, 0.68945]
		},
		"fixed": {
			"rotation": [-90, 0, 0],
			"translation": [0, 0, -8]
		}

	
	}
	
}